Date,Title,Released,Opinion
2024-08-24,Alien: Romulus,2024,I liked it!
2024-08-23,The Killing of a Sacred Deer,2017,I really liked it!
2024-08-21,The Witch,2016,I liked it!
2024-08-18,Alien: Covenant,2017,I liked it!
2024-08-17,The Girl with the Dragon Tattoo,2011,It was okay
2024-08-17,Prometheus,2012,I liked it!
2024-08-16,Thanksgiving,2023,It was okay
2024-08-16,Gerald's Game,2017,It was okay
2024-08-15,Joe Rogan: Burn the Boats,2024,It was okay
2024-08-15,Alien: Romulus,2024,It was okay
2024-08-12,Twilight of the Warriors: Walled In,2024,I liked it!
2024-08-12,Borderlands,2024,It was okay
2024-08-08,It Follows,2014,I really liked it!
2024-08-08,Successor,2024,I really liked it!
2024-08-01,Trap,2024,It was okay
2024-07-25,Deadpool & Wolverine,2024,It was okay
2024-07-18,Life Hotel,2024,I really liked it!
2024-07-13,Longlegs,2024,It was okay
2024-07-10,Inside Out 2,2024,I really liked it!
2024-07-09,Maxxxine,2024,I liked it!
2024-07-05,Joker,2019,I really liked it!
2024-07-02,Destiny's Calling,2011,I really liked it!
2024-06-24,The Bikeriders,2024,It was okay
2024-06-18,Sum of All Fears,2002,I liked it!
2024-06-14,G for Gap,2024,I loved It!
2024-06-08,Godzilla Minus-One,2023,It was okay
2024-06-03,Furiosa: A Mad Max Saga,2024,I loved It!
2024-06-02,The Revenant,2015,I liked it!
2024-06-01,Mad Max: Fury Road,2015,I loved It!
2024-05-31,Mad Max Beyond Thunderdome,1985,I really liked it!
2024-05-31,Mad Max 2: The Road Warrior,1981,I really liked it!
2024-05-29,Mad Max,1979,I liked it!
2024-05-26,Furiosa: A Mad Max Saga,2024,I really liked it!
2024-05-17,Nikki Glaser: Someday You'll Die,2024,I really liked it!
2024-05-15,Mad Max: Fury Road,2015,I really liked it!
2024-05-12,The Roast of Tom Brady,2024,It was okay
2024-05-06,The Roast of Tom Brady,2024,It was okay
2024-05-06,Katt Williams: Woke Foke,2024,I liked it!
2024-05-05,Neal Brennan: Crazy Good,2024,I really liked it!
2024-05-05,Argyle,2023,I didn't like it!
2024-05-05,Jimmy Carr: Natural Born Killer,2024,It was okay
2024-05-04,Unfrosted,2024,I didn't like it!
2024-05-02,The Fall Guy,2024,It was okay
2024-04-22,Past Lives,2023,I loved It!
2024-04-21,Finding Yingying,2020,I loved It!
2024-04-16,Civil War,2024,I really liked it!
2024-04-11,Civil War,2024,I really liked it!
2024-04-05,Love Lies Bleeding,2024,I really liked it!
2024-04-04,Back Home,2023,It was okay
2024-03-28,Immaculate,2024,It was okay
2024-03-27,Ghostbusters: Frozen Empire,2024,I didn't like it!
2024-03-17,"Rory Scovel: Religion, Sex, and a Few Things In Between",2024,I liked it!
2024-03-14,Dune: Part Two,2024,It was okay
2024-03-12,The Blues Brothers,1980,I liked it!
2024-03-08,YOLO,2024,I loved It!
2024-03-03,Spaceman,2024,I liked it!
2024-02-29,The Host,2006,I liked it!
2024-02-24,Beau is Afraid,2023,I loved It!
2024-02-16,American Fiction,2023,I loved It!
2024-01-07,Poor Things,2023,I loved It!
2024-01-05,Dave Chappelle: The Dreamer,2023,I didn't like it!
2023-12-31,The Color Purple,2023,I loved It!
2023-12-27,Jack Reacher,2012,I liked it!
2023-12-18,The Martian,2015,I liked it!
2023-12-08,The Addams Family,1991,I really liked it!
2023-11-27,Halloween Ends,2022,It was okay
2023-11-25,The Killer,2023,It was okay
2023-11-24,Doctor Sleep,2019,I liked it!
2023-11-18,Cube,1997,I really liked it!
2023-11-13,Killers of the Flower Moon,2023,I liked it!
2023-11-12,Taylor Swift: The Eras Tour,2023,I liked it!
2023-11-09,Anchorman 2: The Legend Continues,2013,I liked it!
2023-10-25,Hereditary,2018,I loved it!
2023-10-21,The Matrix: Resurrections,2021,I liked it!
2023-10-20,The Shining,1980,I loved it!
2023-10-15,Beaowulf,2007,I really liked it!
2023-10-14,The Exorcist II: Heretic,1977,I didn't like it!
2023-10-13,Get Out,2017,I loved it!
2023-08-26,The Flash,2013,It was okay
2023-08-26,Chris Rock: Selective Outrage,2023,I loved it!
2023-08-24,Gran Turismo,2023,It was okay
2023-08-21,From Dusk Till Dawn 2: Texas Blood Money,1999,I liked it!
2023-08-21,The Pope's Exorcist,2023,I liked it!
2023-08-19,Smile,2022,I liked it!
2023-08-19,Nope,2022,I really liked it!
2023-08-18,The French Connection,1971,I really liked it!
2023-08-13,Underrated,2023,I loved it!
2023-08-12,Creed III,2023,It was okay
2023-08-12,The Little Mermaid,2023,I didn't like it!
2023-08-11,Spider-Man: Across the Spider-Verse,2023,I loved it!
2023-08-11,Air,2023,I liked it!
2023-08-09,"The Boy, the Mole, the Fox, and the Horse",2022,I loved it!
2023-08-09,Guardians of the Galaxy Vol. 3,2023,It was okay
2023-08-08,Underrated,2023,I loved it!
2023-08-08,Ant-Man & the Wasp in Quantummania,2023,I didn't like it!
2023-08-07,It's a Mad Mad Mad Mad World,1963,I liked it!
2023-08-04,Raiders of the Lost Ark,1981,I liked it!
2023-08-04,The Goonies,1985,I liked it!
2023-08-04,From Dusk 'Til Dawn,1996,I liked it!
2023-07-30,Octopussy,1983,I liked it!
2023-07-24,John Wick: Chapter 4,2023,I liked it!
2023-07-22,From Hell,2001,I really liked it!
2023-07-20,Barbie,2023,I liked it!
2023-07-02,Andhadhun,2018,I really liked it!
2023-07-01,Spider-Man: Across the Spider-Verse,2023,I loved it!
2023-06-27,Spider-Man: Into The Spider-Verse,2018,I loved it!
2023-06-23,Evil Dead Rise,2023,It was okay
2023-06-23,Spider-Man: Across the Spider-Verse,2023,I loved it!
2023-06-18,2001: A Space Odyssey,1968,I loved it!
2023-06-16,No Country for Old Men,2007,I loved it!
2023-06-02,Spider-Man: Into The Spider-Verse,2018,I loved it!
2023-05-20,No Country for Old Men,2007,I loved it!
2023-05-18,2001: A Space Odyssey,1968,I loved it!
2023-03-14,John Wick,2014,I liked it!
2023-03-12,Marlon Wayans: God Loves Me,2023,I loved it!
2023-03-11,The Woman King,2022,I liked it!
2023-03-09,Triangle of Sadness,2022,I really liked it!
2023-03-09,Chris Rock: Selective Outrage,2023,I loved it!
2023-03-08,Women Talking,2022,I liked it!
2023-03-04,Chris Rock: Selective Outrage,2023,I loved it!
2023-03-01,All Quiet on the Western Front,2022,It was okay
2023-02-26,Ex Machina,2014,I really liked it!
2023-02-25,Babylon,2022,I liked it!
2023-02-25,M3GAN,2022,It was okay
2023-02-25,Infinity Pool,2023,I really liked it!
2023-02-24,Top Gun: Maverick,2022,I liked it!
2023-02-23,Doctor Strange in the Multiverse of Madness,2022,I liked it!
2023-02-21,Contagion,2011,I really liked it!
2023-02-21,Knock at the Cabin,2023,I didn't like it!
2023-01-24,Tar,2022,I really liked it!
2023-01-02,Lizzo: Live in Concert,2022,I really liked it!
2022-12-29,The Stepford Wives,2004,I didn't like it!
2022-12-29,The Banshees of Inisherin,2022,I loved it!
2022-12-28,The Stepford Wives,1975,I really liked it!
2022-12-28,Glass Onion: A Knives Out Mystery,2022,I liked it!
2022-12-27,The Fabelmans,2022,I liked it!
2022-12-26,Black Panther,2018,I really liked it!
2022-12-26,Neal Brennan - Blocks,2022,I liked it!
2022-12-26,Violent Night,2022,I didn't like it!
2022-12-26,Glass Onion: A Knives Out Mystery,2022,I liked it!
2022-12-24,Kick-Ass 2,2013,It was okay
2022-12-24,Shazam!,2019,It was okay
2022-12-24,Sonic the Hedgehog 2,2022,It was okay
2022-12-23,Apollo 13 (Director's Commentary),1995,I really liked it!
2022-12-23,Kill Bill: Volume 1,2003,I liked it!
2022-12-23,Kill Bill: Volume 2,2004,I really liked it!
2022-12-23,Lightyear,2022,I liked it!
2022-12-22,Hostel 2 (Producer's Commentary),2007,I liked it!
2022-12-22,Pinocchio,2022,I really liked it!
2022-12-12,Black Panther: Wakanda Forever,2022,I really liked it!
2022-12-11,The Sparring Partner,2022,I liked it!
2022-11-28,Star Trek: The Motion Picture,1979,It was okay
2022-11-27,Lil Rel Howery: I said it. Y'all thinking it,2022,I liked it!
2022-11-26,The Road,2009,I really liked it!
2022-11-26,Looper,2012,I liked it!
2022-11-26,Popstar: Never Stop Popping,2016,I really liked it!
2022-11-24,Weird: The Al Yankovic Story,2022,I really liked it!
2022-11-04,Kendrick Lamar Live: The Big Steppers Tour,2022,I really liked it!
2022-11-04,Chris Redd: Why Are You Like This?,2022,I really liked it!
2022-10-29,The Strangers: Prey at Night,2018,It was okay
2022-10-21,Popstar: Never Stop Popping,2016,I liked it!
2022-10-16,Hostel: Part II,2007,I liked it!
2022-10-16,Hostel,2015,I liked it!
2022-10-02,Monty Python's Life of Brian,1979,I really liked it!
2022-10-02,Nick Kroll: Little Big Boy,2022,I really liked it!
2022-10-01,Yvonne Orji: A Whole Me,2022,I really liked it!
2022-09-30,Nick Kroll: Little Big Boy,2022,I really liked it!
2022-09-28,The Black Phone,2021,I liked it!
2022-09-18,Rothaniel,2022,I really liked it!
2022-09-03,Elvis,2022,I liked it!
2022-08-29,Australia,2008,I liked it!
2022-08-14,Starship Troopers,1997,I really liked it!
2022-08-09,Men in Black II,2002,It was okay
2022-08-04,Men in Black 3,2012,I liked it!
2022-08-02,Jim Gaffigan: Comedy Monster,2021,I really liked it!
2022-08-01,Bill Burr: Live at Red Rocks,2022,I really liked it!
2022-07-31,Detectives vs Sleuths,2022,I really liked it!
2022-07-31,Nope,2022,I really liked it!
2022-07-21,Nope,2022,I liked it!
2022-07-18,Thor: Love and Thunder,2022,I liked it!
2022-06-22,Goldeneye,1995,I liked it!
2022-06-19,Moana,2016,I loved it!
2022-05-30,The Card Counter,2021,I didn't like it!
2022-05-29,Norm Macdonald: Nothing Special,2022,It was okay
2022-05-28,Vice,2018,I liked it!
2022-05-24,Fight Club - Writer's Commentary,1999,It was okay
2022-05-24,Once Upon a Time in Hollywood,2019,I loved it!
2022-05-23,The King's Man,2021,It was okay
2022-05-17,The Ancestral,2022,It was okay
2022-05-16,Inglorious Basterds,2009,I liked it!
2022-05-14,Oz the Great and Powerful,2013,I liked it!
2022-05-05,The Batman,2022,It was okay
2022-05-05,Doctor Strange in the Multiverse of Madness ,2022,I liked it!
2022-05-02,The Unbearable Weight of Massive Talent,2022,I liked it!
2022-04-16,The Wolf of Wall Street,2013,I loved it!
2022-04-15,Adulting,2022,I didn't like it!
2022-04-14,Fear and Loathing in Las Vegas,1998,I liked it!
2022-04-07,The Big Lebowski,1998,I loved it!
2022-04-06,Flight,2012,I really liked it!
2022-04-05,Blade Runner: 2049,2017,I really liked it!
2022-04-05,Everything Everywhere All at Once,2022,I really liked it!
2022-04-03,The Bubble,2022,It was okay
2022-04-02,The Dark Tower,2017,It was okay
2022-04-02,Jarrod Carmichael: Rothaniel,2022,I really liked it!
2022-04-01,Interstellar,2014,I really liked it!
2022-03-27,Pulp Fiction,1994,I loved it!
2022-03-25,The Fountain,2007,I loved it!
2022-03-23,The Running Man,1987,I liked it!
2022-03-23,The Tragedy of Macbeth,2021,I liked it!
2022-03-20,Spider-Man: No Way Home,2021,It was okay
2022-03-19,Free Guy,2021,I really liked it!
2022-03-17,King Richard,2021,I liked it!
2022-03-16,"The Cook, the Thief, His Wife & Her Lover",1989,I loved it!
2022-03-13,Bandersnatch,2018,I loved it!
2022-03-13,The Adam Project,2022,I didn't like it!
2022-03-12,Heat,1995,I liked it!
2022-03-12,The Blair Witch Project,1999,It was okay
2022-03-12,Midsommar - Director's Cut,2019,I loved it!
2022-03-09,Midnight Express,1978,I really liked it!
2022-03-07,Hereditary,2018,I liked it!
2022-03-07,Parallel Mothers,2021,I really liked it!
2022-03-06,Pacific Rim,2013,I liked it!
2022-03-06,The Lost Daughter,2021,I loved it!
2022-03-03,The Batman,2022,I didn't like it!
2022-03-02,Good Will Hunting,1997,I loved it!
2022-03-02,West Side Story,2021,I didn't like it!
2022-03-01,Mad Max: Fury Road,2015,I loved it!
2022-03-01,Belfast,2021,I liked it!
2022-03-01,Scream,2022,It was okay
2022-02-28,Mad Max 2: The Road Warrior,1981,I really liked it!
2022-02-28,The Book of Eli,2010,It was okay
2022-02-25,Licorice Pizza,2021,I really liked it!
2022-02-25,The Eyes of Tammy Faye,2021,I really liked it!
2022-02-23,The Old Guard,2020,It was okay
2022-02-22,Seven,1995,I liked it!
2022-02-21,Panic Room,2002,I liked it!
2022-02-20,Nobody,2021,I liked it!
2022-02-20,Kimi,2022,It was okay
2022-02-19,Drive My Car,2021,I liked it!
2022-02-18,The Worst Person in the World,2021,I really liked it!
2022-02-17,We Are Freestyle Love Supreme,2020,I loved it!
2022-02-17,Spencer,2021,I didn't like it!
2022-02-16,Encanto,2021,I loved it!
2022-02-15,Ali,2001,I liked it!
2022-02-15,Marry Me,2022,It was okay
2022-02-11,Jack Reacher,2012,I really liked it!
2022-02-10,The Silence of the Lambs,1991,I really liked it!
2022-02-09,Henry: Portrait of a Serial Killer,1986,I loved it!
2022-02-09,The King's Man,2021,I liked it!
2022-02-07,Nightmare Alley,2021,I loved it!
2022-01-28,Unforgiven,1992,I really liked it!
2022-01-27,Manhunter,1986,I loved it!
2022-01-25,Collateral,2004,I loved it!
2022-01-21,Jim Gaffigan: Comedy Monster,2021,I loved it!
2022-01-19,The Insider,1999,I loved it!
2022-01-17,The Thing - Commentary,1982,I loved it!
2022-01-17,The Thing,1982,I loved it!
2022-01-17,The Hateful Eight,2015,I loved it!
2022-01-14,Igby Goes Down,2002,I loved it!
2022-01-14,Taken 2: Extended Edition,2012,I didn't like it!
2022-01-13,Hot Rod,2007,I liked it!
2022-01-09,Scary Stories to Tell in the Dark,2019,It was okay
2022-01-09,Ghostbusters: Afterlife,2021,It was okay
2022-01-08,The Bourne Supremacy,2004,It was okay
2022-01-08,The Bourne Ultimatum,2007,It was okay
2022-01-08,The Bourne Legacy,2012,It was okay
2022-01-08,Jason Bourne,2016,It was okay
2022-01-07,The Bourne Identity,2002,It was okay
2022-01-02,The Matrix: Resurrections,2021,I liked it!
2021-12-30,Being the Ricardos,2021,I liked it!
2021-12-29,Lord of the Rings: The Fellowship of the Ring -- Extended Edition,2001,I loved it!
2021-12-29,The Lord of the Rings: The Two Towers -- Extended Edition,2002,I loved it!
2021-12-29,The Lord of the Rings: The Return of the King -- Extended Edition,2003,I loved it!
2021-12-27,The Punisher (Director's Commentary),2004,I really liked it!
2021-12-27,The Punisher,2004,I liked it!
2021-12-27,John Wick 3,2019,I liked it!
2021-12-26,John Wick: Chapter 2,2017,I liked it!
2021-12-25,A History of Violence (Director's Commentary),2005,I loved it!
2021-12-25,John Wick,2014,I really liked it!
2021-12-24,Don't Look Up,2021,I really liked it!
2021-12-21,The Matrix: Resurrections,2021,It was okay
2021-12-19,Drew Michael: Red Blue Green,2021,I really liked it!
2021-12-19,Finch,2021,It was okay
2021-12-16,Spider-Man: No Way Home,2021,I liked it!
2021-12-11,A Scanner Darkly (Filmmakers's Commentary,1999,I loved it!
2021-12-10,Eyes Wide Shut,1999,I loved it!
2021-12-07,Mission to Mars,2000,I loved it!
2021-12-07,Sound of Metal,2020,I really liked it!
2021-12-03,The Power of the Dog,2021,I really liked it!
2021-12-01,Brazil (Director's Commentary),1985,I loved it!
2021-11-29,The Matrix: Revolutions (Critics Commentary),2003,I liked it!
2021-11-29,House of Gucci,2021,I liked it!
2021-11-27,The Matrix: Reloaded (Critics Commentary),2003,I liked it!
2021-11-25,The Matrix (Critics Commentary),1999,I really liked it!
2021-11-25,Aladdin,2019,It was okay
2021-11-24,Scream 3,2000,It was okay
2021-11-24,Scream 4,2011,I liked it!
2021-11-24,In the Heights,2021,I loved it!
2021-11-22,Scream 2,1997,It was okay
2021-11-22,Black Hawk Down,2001,It was okay
2021-11-20,Scream,1996,It was okay
2021-11-19,12 Monkeys (Filmmaker's Commentary),1995,I loved it!
2021-11-13,A Clockwork Orange (Actor's Commentary),1971,I loved it!
2021-11-09,A Clockwork Orange,1971,I loved it!
2021-11-08,Children of Men,2006,I loved it!
2021-11-07,Shaun of the Dead (Director's Commentary),2004,I liked it!
2021-11-06,Kingsman: The Secret Service,2014,I really liked it!
2021-11-06,Kingsman: The Golden Circle,2017,It was okay
2021-11-05,Shaun of the Dead (Actor's Commentary),2004,I liked it!
2021-11-04,Antlers,2021,It was okay
2021-11-03,Last Night in Soho,2021,I liked it!
2021-10-31,Next Friday,2000,It was okay
2021-10-31,Friday After Next,2002,I didn't like it!
2021-10-28,Once Upon a Time in Hollywood,2019,I loved it!
2021-10-27,Alien: Covenant,2017,I liked it!
2021-10-26,The French Dispatch,2021,I loved it!
2021-10-25,2010: The Year We Make Contact,1984,I really liked it!
2021-10-25,Promising Young Woman,2020,I loved it!
2021-10-24,The Last Duel,2021,I liked it!
2021-10-24,Halloween Kills,2021,It was okay
2021-10-22,Battle Royale: Special Edition,2000,I loved it!
2021-10-21,Dune,2021,It was okay
2021-10-19,Django Unchained,2012,I loved it!
2021-10-17,The Many Saints of Newark,2021,It was okay
2021-10-14,No Time to Die,2021,It was okay
2021-10-14,Potato Dreams of America,2021,I liked it!
2021-10-02,Gremlins,1984,I didn't like it!
2021-10-02,Evil Dead II,1987,I loved it!
2021-10-02,Mad Max: Fury Road,2015,I really liked it!
2021-10-01,Frozen II,2019,I liked it!
2021-10-01,Venom: Let There Be Carnage,2021,I liked it!
2021-10-01,Dear Evan Hansen,2021,I liked it!
2021-09-26,Ahir Shah: Dots,2021,I really liked it!
2021-09-22,Hostel: Part II (Director's Commentary),2007,I liked it!
2021-09-22,Hostel: Part II (Actor's Commentary,2007,I liked it!
2021-09-22,Hostel: Part II (Producer's Commentary,2007,I liked it!
2021-09-18,X-Files: Fight the Future,1998,I liked it!
2021-09-17,Friday,1995,I loved it!
2021-09-11,Inglorious Basterds,2011,I liked it!
2021-09-08,Hostel: Part II,2007,I really liked it!
2021-09-08,Hostel 3,2011,I didn't like it!
2021-09-06,Hostel,2005,I liked it!
2021-09-06,Melancholia,2011,I liked it!
2021-09-04,Candyman,2021,I liked it!
2021-09-02,True Romance,1998,It was okay
2021-09-02,Snake Eyes,1998,I liked it!
2021-08-28,Reminisence,2021,It was okay
2021-08-26,Mary Poppins,1963,I liked it!
2021-08-26,The Sound of Music,1964,I liked it!
2021-08-19,Free Guy,2021,I liked it!
2021-08-19,Respect,2021,It was okay
2021-08-19,Marlon Wayons: You Know What It Is,2021,It was okay
2021-08-18,Django Unchained,2012,I loved it!
2021-08-17,Untold: Malice at the Palace,2021,I liked it!
2021-08-16,Thor: Ragnarok,2017,It was okay
2021-08-12,The Hateful Eight: Extended Version,2020,I really liked it!
2021-08-11,Booksmart,2019,I loved it!
2021-08-05,The Suicide Squad,2021,It was okay
2021-07-31,The Green Knight,2021,I really liked it!
2021-07-30,Stillwater,2021,I liked it!
2021-07-27,The Strangers,2008,I loved it!
2021-07-27,The Strangers: Prey at Night,2018,I liked it!
2021-07-26,Bo Burnham: Inside,2021,I loved it!
2021-07-23,Old,2021,It was okay
2021-07-21,Maniac Cop 3: Badge of Silence,1992,I liked it!
2021-07-21,Space Jam: A New Legacy,2021,It was okay
2021-07-20,In the Heights,2021,I loved it!
2021-07-19,Pig,2021,I really liked it!
2021-07-13,A Quiet Place II,2021,It was okay
2021-07-10,Iron Man 2,2010,It was okay
2021-07-10,In The Heights,2021,I loved it!
2021-07-09,Black Widow,2021,I didn't like it!
2021-07-08,The Simpsons Movie (Director's Commentary),2007,I liked it!
2021-07-08,The Simpsons Movie (Animator's Commentary),2013,I liked it!
2021-07-03,No Sudden Moves,2021,It was okay
2021-06-26,Bo Burnham: What,2013,I loved it!
2021-06-26,In the Heights,2021,I loved it!
2021-06-24,Observe and Report,2009,I loved it!
2021-06-24,Good on Paper,2021,I liked it!
2021-06-22,Gone Girl,2004,I didn't like it!
2021-06-19,In the Heights,2021,I loved it!
2021-06-18,Hamilton,2020,I loved it!
2021-06-16,The Shape of Water,2017,I liked it!
2021-06-15,Bo Burnham: Inside,2021,I really liked it!
2021-06-15,In the Heights,2021,I loved it!
2021-06-14,Bo Burnham: Make Happy,2016,I liked it!
2021-06-14,Unhinged,2020,I liked it!
2021-06-14,Bo Burnham: Inside,2021,I really liked it!
2021-06-12,In the Heights,2021,I liked it!
2021-06-07,Those Who Wish Me Dead,2021,It was okay
2021-06-04,Gemini Man,2019,I didn't like it!
2021-06-03,Wall-E,2008,I loved it!
2021-06-01,This is the End,2013,I liked it!
2021-05-31,Kill Bill: Volume 1,2003,I liked it!
2021-05-31,Kill Bill: Volume 2,2004,I liked it!
2021-05-31,A Quiet Place,2018,It was okay
2021-05-30,Maleficent,2014,I didn't like it!
2021-05-28,Get Out (Director's Commentary),2017,I loved it!
2021-05-21,Arrival,2017,I liked it!
2021-05-21,Black Panther,2018,I liked it!
2021-04-23,Mission: Impossible - Fallout,2018,It was okay
2021-04-23,Mortal Kombat,2021,It was okay
2021-04-22,Mission: Impossible - Ghost Protocol,2011,It was okay
2021-04-22,Mission: Impossible - Rogue Nation,2015,It was okay
2021-04-21,Mission: Impossible 2,2000,It was okay
2021-04-21,Mission: Impossible 3,2006,I didn't like it!
2021-04-19,Mission: Impossible,1996,It was okay
2021-04-19,Nobody,2021,I liked it!
2021-04-18,The Martian: Extended Edition,2015,I liked it!
2021-04-18,Nobody,2021,I liked it!
2021-04-15,Spider-Man: Into the Spider-Verse,2018,I loved it!
2021-04-15,Spider-Man: Far From Home,2019,I liked it!
2021-04-14,Coffee and Cigarettes,2003,I really liked it!
2021-04-14,Venom,2018,I liked it!
2021-04-13,Spider-Man: Homecoming,2017,I liked it!
2021-04-11,The Amazing Spider-Man 2,2014,I liked it!
2021-04-10,The Amazing Spider-Man,2012,I liked it!
2021-04-09,Spider-Man 3,2007,I liked it!
2021-04-08,Spider-Man 2,2004,I really liked it!
2021-04-07,Spider-Man,2002,I loved it!
2021-03-29,Bad Trip,2021,I liked it!
2021-03-18,Justice League: Snyder Cut,2021,It was okay
2021-03-06,Palm Springs,2020,I really liked it!
2021-03-04,Deadpool 2,2018,I liked it!
2021-03-03,Deadpool,2016,I liked it!
2021-03-01,Tom and Jerry,2021,It was okay
2021-02-25,Call Me By Your Name,2017,I loved it!
2021-02-22,Venom,2018,I liked it!
2021-02-20,Judas and the Black Messiah,2021,I really liked it!
2021-02-19,Dark Phoenix,2019,I liked it!
2021-02-16,The Girl with the Dragon Tattoo,2011,I liked it!
2021-02-15,Soul,2020,I loved it!
2021-02-11,Buffy the Vampire Slayer,1992,I liked it!
2021-02-01,Knives Out,2019,I liked it!
2021-01-30,9 to 5,1980,I loved it!
2021-01-30,Tropic Thunder (Actor's Commentary),2007,I really liked it!
2021-01-30,The Little Things,2021,It was okay
2021-01-29,The Lion King,2019,I liked it!
2021-01-18,Ad Astra,2019,It was okay
2021-01-18,The Invisible Man,2020,I liked it!
2021-01-16,Reservoir Dogs,1992,I loved it!
2021-01-16,The King of Staten Island,2020,I liked it!
2021-01-11,The Thief of Baghdad,1941,It was okay
2021-01-08,Supercop,1993,I loved it!
2021-01-07,The Shining,1980,I loved it!
2020-12-29,Sunshine (Technical Commentary),2007,I liked it!
2020-12-28,Sunshine (Director's Commentary),2007,I liked it!
2020-12-27,Native Son,2019,I really liked it!
2020-12-26,Cats,2019,It was okay
2020-12-25,WW84,2020,I liked it!
2020-12-24,Scorcese on Scorcese,2004,I liked it!
2020-12-24,The Departed,2006,I liked it!
2020-12-23,Once Upon a Time in Hollywood,2019,I loved it!
2020-12-22,The Game (Director's Commentary,1997,It was okay
2020-12-22,Monster,2003,I loved it!
2020-12-22,The Gift,2015,I liked it!
2020-12-22,Hillbilly Elegy,2020,It was okay
2020-12-20,The Dark Knight Rises,2012,I liked it!
2020-12-19,Bombshell,2019,I liked it!
2020-12-18,Westworld,1973,It was okay
2020-12-17,The Wolf of Wall Street,2013,I loved it!
2020-12-15,Bill and Ted Face the Music,2020,I loved it!
2020-12-15,Hamilton,2020,I loved it!
2020-12-13,The Dead Don't Die,2019,I liked it!
2020-12-13,Once Upon a Time in Hollywood,2019,I loved it!
2020-12-12,Nightcrawler (Director's Commentary),2014,It was okay
2020-12-11,Zombieland: Doubletap,2019,I didn't like it!
2020-12-11,Avengers: Endgame,2019,It was okay
2020-12-07,No Country For Old Men,2007,I loved it!
2020-12-04,Tenet,2020,I didn't like it!
2020-12-04,Sonic the Hedgehog,2020,It was okay
2020-12-02,Spider-Man: Homecoming,2017,I liked it!
2020-12-02,Spider-Man: Far From Home,2019,I liked it!
2020-12-01,Captain America: Civil War,2019,It was okay
2020-12-01,Captain America: The Winter Soldier,2019,I didn't like it!
2020-11-29,Spectre,2012,I liked it!
2020-11-29,Star Wars: Episode IX - The Rise of Skywalker,2019,I didn't like it!
2020-11-28,An American Werewolf in London,1981,I loved it!
2020-11-28,Skyfall,2012,I really liked it!
2020-11-27,Casino Royale,2006,It was okay
2020-11-27,Quantum of Solace,2008,I didn't like it!
2020-11-22,Kevin Hart: Zero F***'s Given,2020,I liked it!
2020-11-11,Death Proof,2007,I loved it!
2020-11-07,The Thing,2011,It was okay
2020-10-31,Jeepers Creepers 2,2003,I didn't like it!
2020-10-31,The Hills Have Eyes,2006,I liked it!
2020-10-25,Chelsea Handler: Evolution,2020,It was okay
2020-10-24,Phantasm,1978,I loved it!
2020-10-17,The Perfect Weapon,2020,I liked it!
2020-10-16,The Haunting,1999,I didn't like it!
2020-09-26,Alien V Predator,1997,I didn't like it!
2020-09-25,Alien: Resurrection,1997,I liked it!
2020-09-25,Alien3,1997,It was okay
2020-09-23,Aliens,1984,I loved it!
2020-09-21,Alien,1979,I loved it!
2020-09-19,Prometheus,2012,I loved it!
2020-09-19,I'm Thinking of Ending Things,2020,I loved it!
2020-09-16,The Exorcist,1973,I loved it!
2020-09-15,Pineapple Express,2008,It was okay
2020-09-15,The Social Dilemma,2020,It was okay
2020-09-13,Red Dragon,2002,I didn't like it!
2020-09-06,Prometheus,2012,I loved it!
2020-08-08,Walk Hard: the Dewey Cox Story,2007,I loved it!
2020-08-06,An American Pickle,2020,I liked it!
2020-08-01,JoJo Rabbit,2019,It was okay
2020-07-25,Motherless Brooklyn,2019,I didn't like it!
2020-07-19,Spider-Man: Into the Spider-Verse,2018,I loved it!
2020-07-12,Doctor Sleep,2020,I liked it!
2020-07-10,Jim Jeffries: Intolerant,2020,I liked it!
2020-07-10,Eurovision Song Contest: The Story of Fire Saga,2020,I liked it!
2020-06-29,Doctor Sleep,2020,It was okay
2020-06-25,Ray,2004,I loved it!
2020-06-25,Eric Andre: Legalize Everything,2020,I liked it!
2020-06-22,Disclosure,2020,It was okay
2020-06-20,Ford vs Ferrari,2019,I didn't like it!
2020-06-14,The White Stripes Under the Great White Northern Lights,2007,I loved it!
2020-06-10,Ad Astra,2019,It was okay
2020-06-06,Uncut Gems,2019,I really liked it!
2020-05-25,Uncut Gems,2019,I really liked it!
2020-05-23,The Matrix: Revolutions,2003,I liked it!
2020-05-23,The Matrix: Reloaded,2003,I liked it!
2020-05-22,Steve Jobs,2015,I liked it!
2020-05-18,Barefoot Gen,1983,I loved it!
2020-05-17,Bird Box,2018,It was okay
2020-05-17,Joker,2019,I didn't like it!
2020-05-16,There Will Be Blood,2007,I loved it!
2020-05-16,Michael Clayton,2007,I really liked it!
2020-05-15,Snowpiercer,2013,I really liked it!
2020-05-15,The Hateful Eight: Extended Version,2019,I really liked it!
2020-05-12,Jerry Seinfeld: I'm Telling You For The Last Time,1998,It was okay
2020-05-12,Have a Good Trip: Adventures in Psychedlics,2020,I liked it!
2020-05-10,Jerry Seinfeld: 23 Hours to Kill,2020,It was okay
2020-04-26,Bad Education,2020,I really liked it!
2020-04-25,Django Unchained,2012,I really liked it!
2020-04-24,Shazam!,2019,I liked it!
2020-02-25,Trevor Noah: Son of Patricia,2018,I really liked it!
2020-02-19,Boys Don't Cry,1999,I loved it!
2020-02-15,The Last Unicorn,1982,I really liked it!
2020-02-03,Bohemian Rhapsody,2018,I liked it!
2020-01-19,Grandma's Boy,2006,I really liked it!
2020-01-19,John Mulaney and the Sack Lunch Bunch,2019,I really liked it!
2020-01-07,Marriage Story,2019,I really liked it!
2019-12-30,Longshot,2019,I liked it!
2019-12-26,John Mulaney and the Sack Lunch Bunch,2019,I really liked it!
2019-12-23,Wall Street 2,2017,It was okay
2019-12-23,Hellboy,2019,I liked it!
2019-12-23,Ronny Chieng: Asian Comedian Destroys America,2019,I loved it!
2019-12-12,Star Wars: Episode VIII - The Last Jedi,2017,It was okay
2019-11-29,BlacKkKlansman,2019,I liked it!
2019-11-29,Glass,2019,It was okay
2019-11-24,Us,2019,I liked it!
2019-11-21,Inglorious Basterds,2009,I liked it!
2019-11-18,A Star is Born,2018,I really liked it!
2019-11-15,Mary Poppins Returns,2018,It was okay
2019-11-14,The Shining,1980,I really liked it!
2019-09-30,Bandersnatch,2018,I really liked it!
2019-09-30,Between Two Ferns: The Movie,2019,It was okay
2019-09-30,Dave Chappelle--Sticks and Stones,2019,It was okay
2019-08-02,Once Upon a Time in Hollywood,2019,I really liked it!
2019-07-08,Toy Story 4,2019,It was okay
2019-07-06,Ralph Breaks the Internet,2018,I really liked it!
2019-07-05,The Room,2003,I really liked it!
2019-07-03,Midsommar,2019,I really liked it!
2019-07-02,Spider-Man: Into the Spider-Verse,2018,I really liked it!
2019-06-12,A Star is Born,2018,I really liked it!
2019-05-12,Night School,2018,It was okay
2019-04-28,Crazy Rich Asians,2018,I really liked it!
2019-04-28,Ocean's Eight,2018,It was okay
2019-04-27,A Wrinkle in Time,2018,I liked it!
2019-04-27,Incredibles 2,2019,I liked it!
2019-04-27,The Inventor: Out for Blood in Silicon Valley,2019,It was okay
2019-04-26,Avengers: Endgame,2019,I liked it!
2019-04-23,Pitch Perfect 3,2017,I liked it!
2019-04-22,Black Panther,2018,I liked it!
2019-04-22,Ant Man and the Wasp,2018,I liked it!
2019-03-30,The Beatles: Eight Days a Week - The Touring Years,2016,I liked it!
2019-03-29,Bright Lights: Starring Carrie Fisher and Debbie Reynolds,2016,I loved it!
2019-03-28,Captain Marvel,2019,I liked it!
2019-02-17,Deadpool 2,2018,I liked it!
2018-12-09,Ready Player One,2018,It was okay
2018-08-29,Hannibal Buress: Comedy Camisado,2016,I loved it!
2018-08-29,Janeane Garofalo: If I May,2016,I really liked it!
2018-08-29,Guardians of the Galaxy Vol 2,2017,I liked it!
2018-08-28,Hilarity for Charity,2018,I liked it!
2018-08-27,Watchmen: The Ultimate Cut,2009,I liked it!
2018-08-27,Drew Michael,2018,I really liked it!
2018-08-26,Avengers: Infinity War,2018,I liked it!
2018-08-15,Bruno,2009,I loved it!
2018-08-13,Robin Williams: Come Inside My Mind,2018,I really liked it!
2018-08-12,Ladybird,2017,I loved it!
2018-08-12,Murder on the Orient Express,2017,I liked it!
2018-08-11,Thor: Ragnarok,2017,I really liked it!
2018-08-10,Avengers: Infinity War,2018,I really liked it!
2018-08-08,Whip It,2009,I really liked it!
2018-08-08,Maria Bamford: The Special Special Special,2012,I really liked it!
2018-08-08,Iliza Schlesinger: War Paint,2013,I liked it!
2018-08-04,Iliza Schlesinger: Freezing Hot,2015,I loved it!
2018-07-31,John Mulaney: New in Town,2012,I liked it!
2018-07-31,Jim Jeffries: This Is Me Now,2018,I really liked it!
2018-07-30,Sorry to Bother You,2018,I loved it!
2018-07-29,"Dana Carvey: Straight White Male, 60",2018,I liked it!
2018-07-28,Jim Jeffries: Freedumb,2016,I loved it!
2018-07-28,John Mulaney: Kid Gorgeous at Radio City,2018,I loved it!
2018-07-24,Iliza: Elder Millenial,2018,I really liked it!
2018-07-13,Hereditary,2018,It was okay
2018-07-02,It,2017,It was okay
2018-06-25,Believer,2018,I loved it!
2018-06-24,Kingsman: The Golden Circle,2017,I really liked it!
2018-06-22,Coco,2017,I loved it!
2018-05-28,The Final Year,2017,It was okay
2018-05-27,Fahrenheit 451,2018,It was okay
2018-05-25,John McCain: For Whom the Bell Tolls,2018,It was okay
2018-05-24,Steve Martin and Martin Short: An Evening You Will Forget For the Rest of Your Life,2018,I really liked it!
2018-05-18,Dunkirk,2017,I liked it!
2018-03-25,Gad Elmaleh: American Dream,2018,I really liked it!
2018-03-25,Arthur Miller: Writer,2018,I liked it!
2018-03-03,Alien: Covenant,2017,I liked it!
2018-02-19,Snatched,2017,It was okay
2018-02-19,Chris Rock: Tamborine,2018,I really liked it!
2018-02-18,Bryan Callen: Never Grow Up,2017,I liked it!
2018-02-17,The House,2017,I liked it!
2018-02-17,Chris Rock: Tamborine,2018,I loved it!
2018-02-11,Wonder Woman,2017,I liked it!
2018-02-03,Gifted,2017,I liked it!
2018-01-01,Star Wars: The Last Jedi,2017,It was okay
2018-01-01,Todd Barry: Spicy Honey,2017,I loved it!
2018-01-01,Judah Friedlander: America is the Greatest Country in the United States,2017,I liked it!
2017-12-31,Dave Chappelle: The Bird Revelatiion,2017,I loved it!
2017-12-31,Dave Chappelle: Equanimity,2017,I liked it!
2017-12-24,Get Out,2017,I loved it!
2017-12-24,Kong: Skull Island,2017,It was okay
2017-12-22,The Circle,2017,It was okay
2017-12-03,Michelle Wolf: Nice Lady,2017,I liked it!
2017-11-26,Home for the Holidays,1995,It was okay
2017-11-23,"Jim & Andy: The Great Beyond - Featuring a Very Special, Contractually Obligated Mention of Tony Clifton",2017,I loved it!
2017-11-20,The Founder*,2016,It was okay
2017-11-18,Batman Beyond: Return of the Joker,2000,I liked it!
2017-11-12,Lego Batman,2017,I liked it!
2017-11-09,Baby Driver,2017,I liked it!
2017-10-27,Why Him?,2016,I liked it!
2017-09-04,Barbershop Punk,2010,It was okay
2017-09-04,Tiffany Haddish: She Ready! From the Hood to Hollywood,2017,I liked it!
2017-08-30,Most Dangerous Game,1932,I liked it!
2017-08-20,Iliza Shlesinger: Confirmed Kills,2016,I loved it!
2017-08-20,Rory Scovel Tries Stand-Up for the First Time,2017,I really liked it!
2017-08-18,I Am Not Your Negro,2016,I loved it!
2017-08-16,Mascots,2016,I really liked it!
2017-08-14,John Mulaney: The Comeback Kid,2015,I liked it!
2017-08-14,Maria Bamford: Old Baby,2017,I really liked it!
2017-08-12,David Cross: Making America Great Again!,2016,I really liked it!
2017-08-12,Oh Hello On Broadway,2017,I really liked it!
2017-08-11,Eddie Griffin: You Can Tell 'Em I Said It,2011,I loved it!
2017-08-11,"Norm Macdonald: Hitler's Dog, Gossip & Trickery",2017,I really liked it!
2017-08-10,Hannibal Takes Edinburgh,2016,I really liked it!
2017-08-10,Patton Oswalt: Talking for Clapping,2016,I really liked it!
2017-08-10,Lucas Bros: On Drugs,2017,It was okay
2017-08-09,The Babadook,2014,I didn't like it!
2017-08-07,"George Lopez: The Wall, Live from Washington, D.C.",2017,I liked it!
2017-07-29,Rosemary's Baby,1968,I loved it!
2017-07-29,Jim Jeffries: BARE,2014,I loved it!
2017-07-29,Neal Brennen: 3 Mics,2017,I really liked it!
2017-07-28,D.L. Hughley: Clear,2014,I really liked it!
2017-07-28,"Dana Carvey, Straight White Male, 60",2016,I liked it!
2017-07-28,Michael Che Matters,2016,I really liked it!
2017-07-27,Lady Valor: The Kristin Beck Story,2014,I really liked it!
2017-07-26,Donald Glover: Weirdo,2012,I really liked it!
2017-07-26,Aziz Ansari: Live at Madison Square Garden,2015,I liked it!
2017-07-26,Jim Gaffigan: Cinco,2017,I liked it!
2017-07-26,Ali Wong: Baby Cobra,2017,I loved it!
2017-07-25,Jim Jeffries: Freedumb,2017,I loved it!
2017-07-25,Kevin Hart: What Now?,2017,I loved it!
2017-07-24,Joe Rogan: Triggered,2016,I really liked it!
2017-07-24,Tracy Morgan: Staying Alive,2017,I loved it!
2017-07-24,Sarah Silverman A Speck of Dust,2017,I really liked it!
2017-07-24,Bill Burr: Walk Your Way Out,2017,I really liked it!
2017-07-24,Hasan Minhaj: Homecoming King,2017,I really liked it!
2017-07-24,Louis C.K. 2017,2017,I really liked it!
2017-07-23,Trevor Noah: Afraid of the Dark,2015,I really liked it!
2017-07-23,Chris Tucker: Live,2015,I liked it!
2017-07-23,Dave Chappelle: Deep in the Heart of Texas,2017,I liked it!
2017-07-23,Amy Schumer: The Leather Special,2017,I liked it!
2017-07-22,Sausage Party,2016,I liked it!
2017-07-22,Moana,2016,I loved it!
2017-07-22,Moana,2016,I loved it!
2017-07-22,Dave Chappelle: The Age of Spin,2017,I liked it!
2017-07-17,Road to Perdition,2002,I liked it!
2017-07-17,Snowden,2016,I liked it!
2017-07-13,Martin Lawrence: Doin' Time: Uncut,2016,I liked it!
2017-07-12,Bad Moms,2016,I liked it!
2017-07-10,Pop Star: Never Stop Stopping,2016,I liked it!
2017-07-09,The Great Dictator,1940,I loved it!
2017-07-09,Tour De Pharmacy,2017,I liked it!
2017-07-07,Mother's Day,2016,It was okay
2017-07-07,Paterson,2016,I liked it!
2017-06-28,Star Trek Beyond,2016,It was okay
2017-06-28,Magic & Bird: Courtship of Rivals,2017,I really liked it!
2017-06-27,The Man Who Knew Infinity,2015,It was okay
2017-06-23,X-Men: Apocalypse,2016,It was okay
2017-06-18,The Accountant,2016,I liked it!
2017-06-18,T.J. Miller: Meticulously Ridiculous,2017,I liked it!
2017-06-10,Whitney Cummings: Money Shot,2010,I loved it!
2017-06-10,Banking on Bitcoin,2016,I liked it!
2017-06-08,Search Party,2014,It was okay
2017-06-07,Mike Birbiglia: What I Should Have Said Was Nothing,2008,I really liked it!
2017-06-06,"If You're Not in the Obit, Eat Breakfast",2017,I loved it!
2017-06-02,Mommy Dead and Dearest,2017,I liked it!
2017-05-29,Manchester By The Sea,2016,It was okay
2017-05-29,The Beach Boys: Making Pet Sounds,2017,I liked it!
2017-05-28,Fist Fight,2017,I really liked it!
2017-05-28,The Wizard of Lies,2017,It was okay
2017-05-24,The Hateful Eight,2015,I really liked it!
2017-05-21,Twin Peaks: Fire Walk With Me,1992,I really liked it!
2017-04-23,War Dogs,2016,I liked it!
2017-04-20,"Hello, My Name Is Doris ",2015,I liked it!
2017-03-27,Logan,2017,I really liked it!
2017-03-24,The Codes of Gender,2010,I loved it!
2017-03-13,Jerrod Carmichael: 8,2017,I loved it!
2017-02-28,Get Out,2017,I loved it!
2017-02-26,Carol,2015,I liked it!
2017-02-26,Jackie,2016,It was okay
2017-02-25,Mike and Dave Need Wedding Dates,2016,It was okay
2017-02-19,Mission Impossible: Rogue Nation,2015,It was okay
2017-02-12,Suicide Squad,2016,It was okay
2017-02-11,Hacksaw Ridge,2016,I liked it!
2017-02-11,Dr. Strange,2016,It was okay
2017-02-08,Ghostbusters,2016,It was okay
2017-01-31,Reel Bad Arabs: How Hollywood Vilifies a People,2006,I really liked it!
2017-01-30,Becoming Warren Buffet,2017,I liked it!
2017-01-29,The Nice Guys,2016,I didn't like it!
2017-01-28,The Intern,2015,It was okay
2017-01-23,Anomalisa,2015,I loved it!
2017-01-16,Moonlight,2016,I loved it!
2017-01-16,Patriot's Day,2016,It was okay
2017-01-15,Arrival,2016,I liked it!
2017-01-15,Captain Fantastic,2016,I really liked it!
2017-01-09,Russel Brand: Messiah Complex,2013,I loved it!
2017-01-09,Demolition,2015,I didn't like it!
2017-01-08,Bill Maher: Victory Begins at Home,2003,I loved it!
2017-01-08,Inside Llewyn Davis,2014,I really liked it!
2017-01-08,Craig Ferguson: Just Being Honest,2015,I liked it!
2017-01-07,Escape from L.A.,1996,I really liked it!
2017-01-07,Bright Lights: Starring Carrie Fisher and Debbie Reynolds,2017,I liked it!
2017-01-06,Michael Ian Black: Noted Expert,2015,I really liked it!
2017-01-02,Wishful Drinking,2010,I loved it!
2017-01-02,Gloria: In Her Own Words,2011,I liked it!
2016-12-30,La La Land,2016,I liked it!
2016-12-26,Scarface,1983,I really liked it!
2016-12-26,Snakes on a Plane,2006,It was okay
2016-12-25,The Lobster,2015,It was okay
2016-12-24,D.L.Hughley: Unapologetic,2007,I liked it!
2016-12-24,Hail Caesar!,2016,I liked it!
2016-12-23,Misery,1990,I liked it!
2016-12-23,Pete Holmes: Faces and Sounds,2016,I liked it!
2016-12-21,The Princess Diaries,2001,I loved it!
2016-12-21,Jeepers Creepers,2001,I really liked it!
2016-12-10,They Live,1988,I really liked it!
2016-12-10,The Sunset Limited,2011,I liked it!
2016-12-10,Youth,2015,I liked it!
2016-12-10,The Danish Girl,2015,I really liked it!
2016-12-06,The Trans List,2016,I really liked it!
2016-12-05,How To Be Single,2015,It was okay
2016-12-04,Keanu,2015,I really liked it!
2016-09-11,Sisters,2015,I really liked it!
2016-09-08,CODE: Debugging the Gender Gap,2015,I loved it!
2016-09-04,Something Like Summer,2016,I liked it!
2016-07-19,Straight Outta Compton,2015,I liked it!
2016-07-17,Everest,2015,I liked it!
2016-07-15,Amy Schumer: Live At The Apollo,2015,I really liked it!
2016-07-04,Brick,2005,I really liked it!
2016-07-04,The Imitation Game,2014,I liked it!
2016-07-04,Rock the Kasbah,2015,It was okay
2016-07-04,10 Cloverfield Lane,2016,I didn't like it!
2016-07-03,Fifty Shades of Black,2016,I liked it!
2016-06-30,The Trip to Italy,2014,It was okay
2016-06-29,The Conjuring 2,2016,I didn't like it!
2016-06-26,Whiskey Tango Foxtrot,2016,It was okay
2016-06-25,Warcraft,2016,I didn't like it!
2016-06-25,Jupiter Ascending,2016,It was okay
2016-06-25,Zoolander 2,2016,It was okay
2016-06-24,The Boss,2016,I liked it!
2016-06-24,Pee-Wee's Big Holiday,2016,I liked it!
2016-06-24,Neighbors 2,2016,I liked it!
2016-06-23,My Big Fat Greek Wedding II,2016,I liked it!
2016-06-21,Hail Caesar!,2016,I really liked it!
2016-06-21,Keanu,2016,I really liked it!
2016-06-20,Ted 2,2015,I really liked it!
2016-06-20,Pop Star: Never Stop Never Stopping,2016,I liked it!
2016-06-12,The Brothers Grimsby,2016,I really liked it!
2016-05-30,Borat: Cultural Learnings of America for Make Benefit Glorious Nation of Kazakhstan,2006,I really liked it!
2016-05-23,Everything Is Copy,2015,I really liked it!
2016-05-23,All The Way,2016,I liked it!
2016-05-08,Manhunt,2015,I liked it!
2016-05-05,Batman Vs. Superman,2016,It was okay
2016-05-03,Trainwreck,2015,I liked it!
2016-04-27,Carrie,1976,I liked it!
2016-04-25,Jurassic World,2015,I liked it!
2016-04-23,Lemonade,2016,I really liked it!
2016-04-05,Taylor Swift: 1989 World Tour,2015,I really liked it!
2016-03-27,The Ladies Man,2000,I liked it!
2016-03-27,Beerfest,2006,It was okay
2016-03-27,Daddy's Home,2015,I liked it!
2016-03-26,Vacation,2015,It was okay
2016-03-24,The Hateful Eight,2015,I really liked it!
2016-03-20,Pitch Perfect 2,2015,I really liked it!
2016-03-08,Spy,2015,I liked it!
2016-03-05,Talladega Nights: The Ballad of Ricky Bobby,2006,I liked it!
2016-03-02,Project Nim,2011,I liked it!
2016-03-02,Bridge of Spies,2015,It was okay
2016-03-01,Taylor Swift: 1989 World Tour,2015,I loved it!
2016-03-01,The Night Before,2015,I really liked it!
2016-02-29,Boyhood,2014,I loved it!
2016-02-28,San Andreas,2015,I liked it!
2016-02-27,Into The Woods,2014,I really liked it!
2016-02-26,Chappie,2015,I really liked it!
2016-02-23,Furious 7,2015,I liked it!
2016-02-20,One the Run Tour: Beyonce and Jay-Z,2014,I liked it!
2016-02-20,Joy,2015,It was okay
2016-02-20,Taylor Swift: 1989 World Tour,2015,I loved it!
2016-02-12,Taylor Swift: 1989 World Tour,2015,I loved it!
2016-02-08,My Depression,2014,I really liked it!
2016-02-05,Spectre,2015,I liked it!
2016-02-05,Southpaw,2015,It was okay
2016-02-03,Straight Outta Compton,2015,I liked it!
2016-02-02,I Smile Back,2015,I really liked it!
2016-02-02,Creed,2015,I liked it!
2016-02-01,The Reverent,2015,I liked it!
2016-02-01,The Big Short,2015,It was okay
2016-01-31,Steve Jobs,2015,I liked it!
2016-01-30,Conquest of the Planet of the Apes,1972,It was okay
2016-01-29,Escape from the Planet of the Apes,1971,It was okay
2016-01-18,Beneath the Planet of the Apes,1970,I liked it!
2016-01-18,Divergent,2014,It was okay
2016-01-17,Interstellar,2014,I really liked it!
2016-01-16,For Your Consideration,2006,I liked it!
2016-01-14,The Martian,2015,I really liked it!
2016-01-09,J. Cole Forest Hills Drive: Homecoming,2016,I loved it!
2016-01-08,3 Idiots,2009,I loved it!
2016-01-02,The Second Best Exotic Marigold Hotel,2015,I didn't like it!
2015-12-31,Talk Radio,1988,It was okay
2015-12-28,The Fault In Our Stars,2014,I liked it!
2015-12-25,The Star Wars Holidays Special,1978,I loved it!
2015-12-23,Soul Plane,2004,I liked it!
2015-12-19,Lisa Lampanelli: Back to the Drawing Board,2015,I really liked it!
2015-12-18,Star Wars VII: The Force Awakens,2015,I liked it!
2015-12-15,Robert Klein: Unfair & Unbalanced,2010,I really liked it!
2015-12-13,Teenage Mutant Ninja Turtles,2014,It was okay
2015-12-13,50 Shades of Grey,2015,It was okay
2015-12-13,Sinatra: All or Nothing At All,2015,It was okay
2015-12-12,Kingsman: The Secret Service,2014,I liked it!
2015-12-07,How To Dance In Ohio,2015,I liked it!
2015-12-06,Freddy Got Fingered,2001,I really liked it!
2015-12-05,Get Hard,2015,I liked it!
2015-11-22,Everything Must Go,2010,I liked it!
2015-11-22,Prayer for a Perfect Season,2011,I liked it!
2015-11-22,The Hunger Games: Mockingjay â€“ Part 1,2014,It was okay
2015-11-21,Hulk,2003,I liked it!
2015-11-18,Taken 3,2014,It was okay
2015-11-17,50/50,2011,I loved it!
2015-11-17,Ant Man,2015,I liked it!
2015-11-14,Kareem: Minority of One,2015,I liked it!
2015-11-13,Monkeybone,2001,I liked it!
2015-11-13,San Francisco 2.0,2015,I really liked it!
2015-11-11,Tomorrowland,2015,I really liked it!
2015-11-01,Paris Is Burning,1990,I liked it!
2015-10-30,The Rocky Horror Picture Show,1975,I liked it!
2015-10-25,American Sniper,2014,It was okay
2015-10-24,Amy Schumer: Live At The Apollo,2015,I really liked it!
2015-09-22,HBO Comedy Half-Hour: Carlos Mencia,1994,I liked it!
2015-09-22,HBO Comedy Half-Hour: Carlos Mencia,1995,It was okay
2015-09-20,HBO Comedy Half-Hour: Eddie Griffin,1994,I really liked it!
2015-09-20,HBO Comedy Half-Hour: Marc Maron,1995,I really liked it!
2015-09-20,HBO Comedy Half-Hour: Patton Oswalt,1998,I really liked it!
2015-09-20,Katt Williams: Priceless: Afterlife,2014,I liked it!
2015-09-17,David Cross: The Pride Is Back,1999,I really liked it!
2015-09-15,D.L. Hughley: Unapologetic,2007,I really liked it!
2015-09-15,Bob Saget: That Ain't Right,2007,I really liked it!
2015-09-15,Reno 911!: Miami,2007,It was okay
2015-09-15,Entourage,2015,I liked it!
2015-09-15,Avengers: Age of Ultron,2015,I liked it!
2015-09-14,Ferrell Takes The Field,2015,It was okay
2015-09-12,Bring It On,2000,I liked it!
2015-09-12,Night at the Museum: Secret of the Tomb,2014,I liked it!
2015-09-12,Jerrod Carmichael: Love At The Store,2014,I loved it!
2015-09-06,PCU,1994,I really liked it!
2015-09-06,Save The Last Dance,2001,It was okay
2015-09-05,In The Land of Women,2006,I really liked it!
2015-09-05,Wild,2014,I liked it!
2015-09-05,Ex Machina,2014,I really liked it!
2015-09-04,The Skeleton Twins,2014,I liked it!
2015-09-02,Superstar,1999,It was okay
2015-09-02,John Tucker Must Die,2006,I liked it!
2015-09-02,Clear History,2013,It was okay
2015-09-01,Breakdown,1997,I loved it!
2015-09-01,The Departed,2006,I liked it!
2015-09-01,The Hobbit: The Battle of the Five Armies,2014,I liked it!
2015-08-31,Flashdance,1983,I really liked it!
2015-08-31,Trevor Noah: African American,2013,I liked it!
2015-08-31,Misery Loves Company,2014,I liked it!
2015-08-30,Game Change,2012,I liked it!
2015-08-30,Gone Girl,2014,I liked it!
2015-08-30,The Case Against 8,2014,I really liked it!
2015-08-29,Theory of Everything,2014,I really liked it!
2015-08-26,Neighbors,2014,I liked it!
2015-08-24,Mulholland Dr,2001,I really liked it!
2015-08-22,Will Ferrell: You're Welcome America - A Final Night with George W Bush,2009,I liked it!
2015-08-22,Dumb and Dumber To,2014,It was okay
2015-08-22,The Maze Runner,2014,I liked it!
2015-08-22,Tig Notaro: Boyish Girl Interrupted,2015,It was okay
2015-08-21,Dennis Miller: All in,2006,It was okay
2015-08-21,David Spade: My Fake Problems,2014,I really liked it!
2015-08-19,Transcendence,2014,It was okay
2015-08-19,Dawn of the Planet of the Apes,2014,It was okay
2015-08-19,The Duff,2015,I really liked it!
2015-08-18,Night at the Museum,2006,I liked it!
2015-08-18,Mad Max: Fury Road,2015,I really liked it!
2015-08-17,X-Men: Days of Futures Past,2014,I liked it!
2015-08-17,Pitch Perfect 2,2015,I liked it!
2015-08-14,Best In Show,2000,I loved it!
2015-08-14,Roseanne Barr: Blonde and Bitchin',2006,It was okay
2015-08-13,Austin Powers,1997,I loved it!
2015-08-13,Django Unchained,2012,I liked it!
2015-08-13,Pitch Perfect,2012,I liked it!
2015-08-12,Uptown Girls,2003,I liked it!
2015-08-11,Inside Out,2015,I loved it!
2015-08-09,Veronica Mars,2014,I liked it!
2015-08-08,Edge of Tomorrow,2014,I liked it!
2015-08-03,Horrible Bosses 2,2014,It was okay
2015-07-24,The Dark Knight Rises,2012,I liked it!
2015-07-22,Don Jon,2013,I liked it!
2015-07-20,Comedian,2002,I liked it!
2015-07-18,The (Dead Mothers) Club,2014,I liked it!
2015-07-17,Trainwreck,2015,I liked it!
2015-07-14,8 Mile,2002,I really liked it!
2015-07-13,12 Years a Slave,2013,I really liked it!
2015-07-12,7 Days in Hell,2015,I liked it!
2015-07-10,Pootie Tang,2001,I liked it!
2015-07-08,In & Out,1997,I liked it!
2015-07-07,Draft Day,2014,It was okay
2015-07-06,Let's Be Cops,2014,I liked it!
2015-07-05,Tammy,2014,I liked it!
2015-07-02,Amy Schumer: Mostly Sex Stuff,2012,I liked it!
2015-07-01,T2: Commentary,1991,It was okay
2015-06-29,The Zero Theorem,2013,It was okay
2015-06-29,John Leguizamo: Ghetto Klown,2014,I really liked it!
2015-06-28,My Big Fat Greek Wedding,2002,It was okay
2015-06-27,Louie C.K. Oh My God,2013,I really liked it!
2015-06-27,Bill Maher: Live from D.C.,2014,I liked it!
2015-06-26,Wanda Sykes: I'ma Be Me,2009,I really liked it!
2015-06-26,Valentine Road,2013,I liked it!
2015-06-26,Rosie O'Donnell: A Heartfelt Standup,2015,I really liked it!
2015-06-25,Back to School,1986,I really liked it!
2015-06-25,Idiocracy,2006,It was okay
2015-06-19,The Neverending Story,1984,I liked it!
2015-06-19,Hellboy: Director's Commentary (Director),2004,It was okay
2015-05-24,The Rock: Director's Commentary,1996,I liked it!
2015-04-29,The Trumpet of the Swan,2001,I liked it!
2015-04-29,A Million Ways to Die in the West,2014,It was okay
2015-04-28,That Thing You Do,1996,It was okay
2015-04-27,The Devil Wears Prada,2006,It was okay
2015-04-23,Hellboy,2004,I liked it!
2015-04-21,Temple Grandin,2010,It was okay
2015-04-19,"Chris Rock: Bigger, Blacker",1999,I really liked it!
2015-04-19,Chris Rock: Never Scared,2004,I really liked it!
2015-04-19,Chris Rock: Kill the Messenger,2014,I really liked it!
2015-04-18,Addiction,2007,I really liked it!
2015-04-17,Billy Crystal: 700 Sundays,2014,I really liked it!
2015-04-16,Oblivion,2013,I didn't like it!
2015-04-15,Top Five,2014,I liked it!
2015-04-14,George Harrison: Living in the Material World,2011,I liked it!
2015-04-12,When the Levees Broke,2006,I liked it!
2015-04-11,Neighbors,2014,It was okay
2015-04-10,Choke,2008,It was okay
2015-04-05,Boogie Nights: Commentary (Director),1997,I liked it!
2015-04-04,Boogie Nights: Commentary (Cast),1997,I liked it!
2015-04-02,Patton Oswalt - Finest Hour,2011,I really liked it!
2015-03-24,Jim Gaffigan: Beyond the Pale,2006,I really liked it!
2015-03-24,Jim Gaffigan - Obsessed,2014,I really liked it!
2015-03-24,Jim Gaffigan - Mr. Universe,2014,I really liked it!
2015-03-23,Patton Oswalt: My Weakness is Strong,2009,I really liked it!
2015-03-23,Patton Oswalt: Tragedy Plus Comedy Equals Time,2014,I really liked it!
2015-03-22,Aziz Ansari: Buried Alive,2013,I liked it!
2015-03-22,Louis C.K. - Live at the Comedy Store,2014,I liked it!
2015-03-21,Aziz Ansari: Live at Madison Square Garden,2015,I liked it!
2015-03-16,The Night Porter,1974,I liked it!
2015-03-14,Citizen Four,2014,It was okay
2015-03-06,West Side Story,1961,I liked it!
2015-02-27,Basic Instinct: Commentary with Paul Verhoven and Jan de Bont,1992,I liked it!
2015-02-27,Basic Instindt: Commentary with Critic,1992,I liked it!
2015-02-23,Basic Instinct,1992,It was okay
2015-02-19,Some Like It Hot,1958,I loved it!
2014-12-27,The Interview,2014,It was okay
2014-12-26,Indie Game: The Movie,2012,I loved it!
2014-12-26,of Montreal - Song Dynasties,2014,I liked it!
2014-12-25,Birdman,2014,I liked it!
2014-11-29,Grave of the Fireflies (Hotaru no haka),1988,I loved it!
2014-11-27,Kevin Hart: Let Me Explain,2013,I liked it!
2014-11-27,Ride Along,2014,It was okay
2014-11-25,Lucy,2014,I liked it!
2014-11-23,Battle Royale,2000,I liked it!
2014-11-22,Europa Report,2013,It was okay
2014-11-17,Anchorman 2: The Legend Continues,2013,It was okay
2014-11-16,Dallas Buyers Club,2013,I liked it!
2014-11-15,Doodlebug,1997,I liked it!
2014-11-15,Jack the Giant-Slayer,2013,I liked it!
2014-11-09,Elysium,2013,It was okay
2014-11-08,Looper,2012,I liked it!
2014-11-06,Interstellar,2014,I really liked it!
2014-10-23,Sarah Silverman: We Are Miracles,2013,I liked it!
2014-10-23,Kevin Hart: Let Me Explain,2013,It was okay
2014-10-20,Kevin Hart: Laugh at My Pain,2011,I liked it!
2014-10-20,Man of Steel,2013,I didn't like it!
2014-10-19,Sarah Silverman: Jesus Is Magic,2005,I liked it!
2014-09-28,The Hunger Games: Catching Fire,2013,I liked it!
2014-09-28,The Double,2013,I liked it!
2014-08-29,Superman Returns*,2006,It was okay
2014-08-29,The Other Woman,2014,I liked it!
2014-08-29,Kill The Messenger,2014,I liked it!
2014-08-21,The Hunger Games: Catching Fire,2013,I liked it!
2014-08-11,Guardians of the Galaxy,2014,I liked it!
2014-07-24,The Trip,2010,I liked it!
2014-07-23,Robocop,2014,It was okay
2014-07-22,The Grand Budapest Hotel,2014,I liked it!
2014-07-21,The Amazing Spider-Man 2,2014,It was okay
2014-07-20,About Time,2013,I liked it!
2014-07-19,How To Train Your Dragon,2010,I liked it!
2014-06-22,Edge of Tomorrow,2014,I liked it!
2014-06-14,The Wolf of Wall Street,2013,It was okay
2014-06-08,her,2013,I really liked it!
2014-06-07,X-Men: Days of Future Past,2014,It was okay
2014-04-26,Ender's Game,2013,I liked it!
2014-04-20,The Lego Movie,2014,I liked it!
2014-04-13,The Hunger Games,2012,I liked it!
2014-03-29,Noah,2014,It was okay
2014-01-18,Skyfall,2012,I liked it!
2014-01-16,Captain Phillips,2013,It was okay
2014-01-12,Gravity,2013,I really liked it!
2013-12-31,Bill & Ted's Excellent Adventure,1989,I liked it!
2013-12-23,Dead Man,1995,It was okay
2013-12-22,Kick-Ass 2,2013,I didn't like it!
2013-11-23,"Priscilla, Queen of the Desert",1994,I loved it!
2013-11-16,The Great Gatsby,2013,It was okay
2013-11-15,Kiss of the Spider-Woman,1985,I really liked it!
2013-11-10,This is 40,2012,It was okay
2013-10-28,Moonrise Kingdom,2012,I liked it!
2013-10-26,The Lone Ranger,2013,It was okay
2013-10-19,The Conjouring,2013,It was okay
2013-10-05,Pacific Rim,2013,I liked it!
2013-10-04,This Is The End,2013,I liked it!
2013-09-27,World War Z,2013,I liked it!
2013-08-28,Paradise or Oblivion,2012,I loved it!
2013-08-16,Under the Great White Northern Lights,2007,I really liked it!
2013-06-26,Rec,2011,I liked it!
2013-06-13,Star Trek: Into Darkness,2013,It was okay
2013-05-30,Rent (Broadway),2009,I liked it!
2013-05-29,Rent,2005,I liked it!
2013-05-03,Iron Man 3,2013,I liked it!
2013-03-23,Pieces of April,2003,I really liked it!
2013-03-19,Howards End,1992,I really liked it!
2013-03-18,Moonstruck,1987,It was okay
2013-03-11,The Fall,2006,I really liked it!
2013-03-04,My Dinner with Andre,1981,I liked it!
2013-03-02,Midnight in Paris,2011,I liked it!
2013-02-21,Dan in Real Life,2007,I really liked it!
2013-02-18,Seeking a Friend for the End of the World,2012,I liked it!
2013-02-14,Life of Pi,2012,I really liked it!
2013-02-12,The Master,2012,I liked it!
2013-02-12,Beasts of the Southern Wild,2012,I liked it!
2013-02-05,Flight,2012,I liked it!
2013-02-05,Django Unchained,2012,I liked it!
2013-02-01,Les Miserables,2012,I liked it!
2013-01-28,Lincoln,2012,I liked it!
2013-01-18,Silver Linings Playbook,2012,I liked it!
2013-01-15,Red Desert,1964,I liked it!
2013-01-15,Zero Dark Thirty,2012,I liked it!
2013-01-13,Argo,2012,I liked it!
2013-01-05,Young@Heart,2007,I liked it!
2013-01-04,The Thin Blue Line,1988,I liked it!
2013-01-01,Bill & Ted's Bogus Journey,1991,It was okay
2012-12-22,The English Patient,1996,I liked it!
2012-12-14,The Amazing Spider-Man,2012,I liked it!
2012-12-04,Born on the Fourth of July,1989,I liked it!
2012-12-02,8 1/2,1963,I really liked it!
2012-11-23,The Last Emperor,1987,I really liked it!
2012-11-16,The 400 Blows,1959,I really liked it!
2012-11-11,Stalker,1979,I liked it!
2012-11-03,The  Campaign,2012,It was okay
2012-10-15,Big Fan,2009,It was okay
2012-10-05,Eternal Sunshine of the Spotless Mind (Director's Commentary),2004,I liked it!
2012-09-05,Delicatessen,1991,I liked it!
2012-09-04,Men In Black III,2012,It was okay
2012-09-03,George Harrison: Living in the Material World,2011,I really liked it!
2012-09-01,What To Expect When You're Expectings,2012,It was okay
2012-08-27,A Prophet,2009,I loved it!
2012-08-26,El Topo,1970,I really liked it!
2012-08-25,The Avengers,2012,It was okay
2012-08-23,The Holy Mountain,1973,I loved it!
2012-08-20,The Chronicles of Narnia: The Voyage of the Dawn Treader,2010,I didn't like it!
2012-08-19,Vertigo,1958,I liked it!
2012-08-18,Bill Hicks: Revelations,1993,I really liked it!
2012-08-18,The City of Lost Children,1995,I really liked it!
2012-08-16,The Original Kings of Comedy,2000,It was okay
2012-08-13,Chariots of Fire,1981,I liked it!
2012-08-11,Barry Lyndon,1975,I liked it!
2012-08-10,The Killing Fields,1984,I really liked it!
2012-08-06,The Dictator,2012,It was okay
2012-08-05,Notorious,1946,I loved it!
2012-08-04,Broadcast News,1987,I really liked it!
2012-08-03,Tower Heist,2011,It was okay
2012-08-02,The Prince of Tides,1991,It was okay
2012-07-31,Driving Miss Daisy,1989,I liked it!
2012-07-30,Mississippi Burning,1988,I really liked it!
2012-07-29,Hannah and Her Sisters,1986,I really liked it!
2012-07-28,Places in the Heart,1984,I liked it!
2012-07-28,Children of a Lesser God,1986,I liked it!
2012-07-26,It's Just a Ride,1994,I really liked it!
2012-07-22,Working Girl,1988,I liked it!
2012-07-22,The Dark Knight Rises,2012,I liked it!
2012-07-21,She Hate Me,2004,I liked it!
2012-07-20,The Rum Diary,2011,I liked it!
2012-07-19,The Adventures of Robin Hood,1938,I really liked it!
2012-07-18,Quiz Show,1994,I liked it!
2012-07-16,Fiddler on the Roof,1971,I liked it!
2012-07-16,The Raven,2012,It was okay
2012-07-15,East of Eden,1955,I didn't like it!
2012-07-15,Secrets and Lies,1996,It was okay
2012-07-14,The Cooler,2003,I liked it!
2012-07-14,Seabiscuit,2003,I liked it!
2012-07-11,Body Heat,1981,I really liked it!
2012-07-09,Awakenings,1990,I liked it!
2012-07-08,The Seven Year Itch,1955,It was okay
2012-07-07,Cat on a Hot Tin Roof,1958,I really liked it!
2012-07-06,American Reunion,2012,I liked it!
2012-07-04,Harold and Maude,1971,I really liked it!
2012-07-01,The Devil's Double,2011,I didn't like it!
2012-06-24,21 Jump Street,2012,It was okay
2012-06-23,Jesus Christ Superstar,1973,I liked it!
2012-06-23,Zelig,1983,I liked it!
2012-06-17,Warrior,2011,It was okay
2012-06-15,Nine 1/2 Weeks,1986,I liked it!
2012-06-09,Prometheus,2012,I didn't like it!
2012-05-28,Babe,1995,I liked it!
2012-05-20,Another Earth,2011,It was okay
2012-05-20,Harry Potter and the Deathly Hallows Part 2,2011,It was okay
2012-05-12,How High,2001,I liked it!
2012-05-05,Bridesmaids,2011,It was okay
2012-04-06,What About Bob?,1991,I didn't like it!
2012-03-24,"Synecdoche, New York",2008,I really liked it!
2012-03-13,Young Adult,2011,It was okay
2012-03-11,The Muppets,2011,I liked it!
2012-02-12,The Triplets of Belleville,2003,I liked it!
2012-02-04,Bonnie & Clyde,1967,I liked it!
2012-02-03,A Very Harold & Kumar 3D Christmas,2011,It was okay
2012-01-29,The Kid,1921,I liked it!
2012-01-29,Chaplin,1992,It was okay
2012-01-29,Revolutionary Road,2008,I liked it!
2012-01-28,Sherlock Jr.,1924,I liked it!
2012-01-28,Moneyball,2011,I liked it!
2012-01-27,The Bicycle Thief,1948,I really liked it!
2012-01-27,Half Nelson,2006,I loved it!
2012-01-26,Drive,2011,I liked it!
2012-01-25,"Crazy, Stupid, Love.",2011,I didn't like it!
2012-01-23,Our Idiot Brother,2011,I didn't like it!
2012-01-21,Crumb,1994,I really liked it!
2012-01-21,Contagion,2011,It was okay
2012-01-21,Cowboys & Aliens,2011,I didn't like it!
2012-01-20,The Thing,2011,It was okay
2012-01-18,The Manchurian Candidate,1962,I really liked it!
2012-01-13,Die Hard: With a Vengence (Director's Commentary),1995,It was okay
2012-01-10,Die Hard (Director's Commentary),1988,It was okay
2012-01-08,Sherlock Holmes: A Game of Shadows,2011,It was okay
2011-12-27,Mission Impossible - Ghost Protocol,2011,It was okay
2011-12-25,Rise of the Planet of the Apes,2011,It was okay
2011-12-10,Leaving Las Vegas,1995,I liked it!
2011-12-09,25th Hour,2002,It was okay
2011-11-20,The Godfather: Part II (Director's Commentary),1974,I liked it!
2011-11-13,The Godfather (Director's Commentary),1972,I liked it!
2011-11-07,Total Recall (Director's Commentary),1990,It was okay
2011-09-28,Platoon,1986,I really liked it!
2011-09-27,Horrible Bosses,2011,I didn't like it!
2011-09-23,Rashomon,1950,It was okay
2011-09-22,Das Boot,1981,I loved it!
2011-09-21,Days of Heaven,1978,I really liked it!
2011-09-21,Please Vote for Me,2007,I loved it!
2011-09-20,Apocalypse Now: Redux,1979,I loved it!
2011-09-19,City Lights,1931,I loved it!
2011-09-19,"Crouching Tiger, Hidden Dragon",2000,It was okay
2011-09-19,The Hours,2002,I liked it!
2011-09-18,Stalag 17,1953,I liked it!
2011-09-18,The Thin Red Line,1998,I really liked it!
2011-09-18,A Civil Action,1998,It was okay
2011-09-17,Persona,1966,I really liked it!
2011-09-17,Robin Hood,2010,It was okay
2011-09-16,Chocolat,2000,I liked it!
2011-09-16,Gangs of New York,2002,I didn't like it!
2011-09-16,Kenny,2006,I liked it!
2011-09-15,Sunset Boulevard,1950,I really liked it!
2011-09-15,The Aviator,2004,It was okay
2011-09-14,Paycheck,2003,I didn't like it!
2011-09-14,Smokin' Aces,2006,I didn't like it!
2011-09-13,Elizabeth,1998,I really liked it!
2011-09-13,Election,1999,I loved it!
2011-09-13,Erin Brockovich,2000,It was okay
2011-09-11,Dawn of the Dead,1978,It was okay
2011-09-11,The Cider House Rules,1999,It was okay
2011-09-09,Fitzcarraldo,1982,It was okay
2011-09-09,Cashback,2006,I liked it!
2011-09-08,After The Thin Man,1936,I liked it!
2011-09-08,The Apartment,1960,I really liked it!
2011-09-08,Anvil! The Story of Anvil,2008,I loved it!
2011-09-07,Shoot 'Em Up,2007,It was okay
2011-09-07,Crazy Heart,2009,It was okay
2011-09-06,Lenny,1974,I liked it!
2011-09-05,The Lives of Others,2006,I really liked it!
2011-09-03,An Education,2009,I liked it!
2011-08-31,Aguirre: Wrath of God,1972,It was okay
2011-08-31,Brokeback Mountain,2005,I really liked it!
2011-08-29,My Man Godfrey,1936,I liked it!
2011-08-28,Persepolis,2007,I really liked it!
2011-08-28,Winter's Bone,2010,I liked it!
2011-08-28,Thor,2011,It was okay
2011-08-27,Lucky Number Slevin,2006,It was okay
2011-08-27,Cyrus,2010,It was okay
2011-08-27,Pirates of the Caribbean: On Stranger Tides,2011,I didn't like it!
2011-08-26,X-Men: First Class,2011,I liked it!
2011-08-25,Heavenly Creatures,1994,I really liked it!
2011-08-21,The Squid and the Whale,2005,I liked it!
2011-08-20,Lars and the Real Girl,2007,I liked it!
2011-08-19,On the Waterfront,1954,I really liked it!
2011-08-17,The American,2010,It was okay
2011-08-15,Super 8,2011,It was okay
2011-08-12,Casablanca,1942,I loved it!
2011-08-09,Titus,1999,I liked it!
2011-08-07,Up in the Air,2009,I liked it!
2011-08-07,Souce Code,2011,It was okay
2011-07-26,Somewhere,2011,I liked it!
2011-07-25,Ghost World,2001,I really liked it!
2011-07-24,Rebel Without a Cause,1955,It was okay
2011-07-23,Harry Potter and the Deathly Hallows Part 1,2010,It was okay
2011-07-23,The Adjustment Bureau,2011,It was okay
2011-07-22,Orgazmo,1997,It was okay
2011-07-21,Exit Through the Gift Shop,2010,It was okay
2011-07-21,Paul,2011,It was okay
2011-07-01,Blood Simple.,1984,I really liked it!
2011-06-30,Inception,2010,It was okay
2011-06-28,Conan O'Brien Can't Stop,2011,It was okay
2011-06-27,The King's Speech,2010,It was okay
2011-06-25,Better Off Dead,1985,I loved it!
2011-06-24,2001: A Space Odyssey,1968,I loved it!
2011-06-24,Capitalism: A Love Story,2009,I really liked it!
2011-06-23,V for Vendetta,2006,I loved it!
2011-06-23,The Tree of Life,2011,I really liked it!
2011-06-22,The Atomic CafÃ©,1982,It was okay
2011-06-19,In Dreams,1999,I didn't like it!
2011-06-19,500 Days of Summer,2009,I loved it!
2011-06-04,Smokey and the Bandit,1977,It was okay
2011-05-15,The Other Guys,2010,I liked it!
2011-05-14,The Adventures of Buckaroo Banzai Across the 8th Dimension,1984,I liked it!
2011-05-14,The Fighter,2010,I liked it!
2011-05-09,The Wizard,1989,I didn't like it!
2011-05-04,The Fog of War: Eleven Lessons From the Life of Robert S. McNamara,2003,I really liked it!
2011-04-25,Love and Other Drugs,2010,I liked it!
2011-04-22,Step Brothers,2008,I liked it!
2011-04-20,American: The Bill Hicks Story,2009,I loved it!
2011-03-28,Bill Hicks: Sane Man,1989,I liked it!
2011-03-26,American: The Bill Hicks Story,2009,I really liked it!
2011-03-23,Wayne's World,1992,I really liked it!
2011-03-18,Tron: Legacy,2010,I didn't like it!
2011-03-12,127 Hours,2010,I really liked it!
2011-03-04,Anchorman,2004,I really liked it!
2011-02-24,The Dark Knight,2008,I loved it!
2011-02-22,Eternal Sunshine of the Spotless Mind,2004,I loved it!
2011-02-21,The Dark Knight,2008,I loved it!
2011-02-21,The Kids Are All Right,2010,I liked it!
2011-02-19,Eternal Sunshine of the Spotless Mind,2004,I loved it!
2011-02-13,Scott Pilgrim vs. the World,2010,I liked it!
2011-02-07,Koyaanisqatsi,1983,I really liked it!
2011-02-04,Fargo,1996,I loved it!
2010-12-30,Back to the Future,1985,I loved it!
2010-12-27,True Grit,2010,I liked it!
2010-12-11,Push,2009,I didn't like it!
2010-12-10,Black Swan,2010,I liked it!
2010-12-09,The Reader,2009,It was okay
2010-12-08,Fantastic Mr. Fox,2009,I liked it!
2010-12-08,Precious,2009,I liked it!
2010-12-07,Wet Hot American Summer,2001,I really liked it!
2010-12-06,The Town,2010,I liked it!
2010-12-05,Kontroll,2003,I liked it!
2010-12-05,She's Out of My League,2010,I liked it!
2010-12-04,Gentlemen Broncos,2009,It was okay
2010-12-03,Inside Job,2010,I liked it!
2010-12-02,Devil,2010,It was okay
2010-11-30,Moon,2009,I liked it!
2010-11-27,Green Zone,2010,I liked it!
2010-11-21,Prince of Persia: Sands of Time,2010,It was okay
2010-11-13,Scott Pilgrim vs. the World,2010,I liked it!
2010-10-25,Back to the Future,1985,I loved it!
2010-10-15,Cinema Paradiso,1989,I liked it!
2010-10-12,Catfish,2010,It was okay
2010-10-05,The Social Network,2010,I really liked it!
2010-09-01,MacGruber,2010,It was okay
2010-08-28,Star Trek,2009,I liked it!
2010-08-14,Salt,2010,It was okay
2010-08-07,Cars,2006,I liked it!
2010-07-15,Inception,2010,I liked it!
2010-07-10,Sherlock Holmes,2009,I liked it!
2010-07-09,Back to the Future: Part III (Producer's Commentary),1990,I liked it!
2010-07-07,Brooklyn's Finest*,2009,It was okay
2010-07-06,Back to the Future: Part II (Producer's Commentary),1989,It was okay
2010-07-04,Back to the Future (Producer's Commentary),1985,It was okay
2010-07-04,Back to the Future,1985,I loved it!
2010-07-04,"Monster's, Inc.",2001,I really liked it!
2010-07-03,Couples Retreat*,2009,I didn't like it!
2010-06-30,Hot Tub Time Machine,2010,I didn't like it!
2010-06-22,The Simpsons Movie (Director's Commentary),2007,I really liked it!
2010-06-21,The Simpsons Movie (Writer's Commentary),2007,I really liked it!
2010-06-20,Toy Story 3,2010,I loved it!
2010-06-18,The Simpsons Movie,2007,I really liked it!
2010-06-11,Children of Men,2006,I loved it!
2010-05-24,Repo Man,1984,I liked it!
2010-05-21,The Book of Eli,2010,I liked it!
2010-05-11,Iron Man 2,2010,It was okay
2010-05-10,Kick-Ass,2010,It was okay
2010-04-17,It Might Get Loud,2008,I really liked it!
2010-04-15,Tron,1982,It was okay
2010-04-11,The Imaginarium of Doctor Parnassus,2009,I liked it!
2010-04-11,Cop Out,2010,It was okay
2010-03-21,Shutter Island,2010,It was okay
2010-03-05,Legion,2010,I didn't like it!
2010-02-28,The Informant!,2009,I really liked it!
2010-02-27,The Box,2009,I didn't like it!
2010-02-06,Invictus,2009,It was okay
2010-02-06,The Boat That Rocked,2009,I liked it!
2010-02-04,The Hurt Locker,2009,I liked it!
2010-02-03,A Colbert Christmas: The Greatest Gift of All!,2008,I liked it!
2010-02-03,Patton Oswalt: My Weakness is Strong,2009,I liked it!
2010-01-21,The Lovely Bones,2009,It was okay
2010-01-17,Sherlock Holmes,2009,I liked it!
2010-01-15,A Serious Man,2009,I really liked it!
2010-01-14,The Men Who Stare at Goats,2009,I liked it!
2010-01-10,Avatar,2009,I liked it!
2010-01-08,Cloudy with a Chance of Meatballs,2009,It was okay
2010-01-07,The Corporation,2003,I liked it!
2010-01-03,Half-Baked,1998,I liked it!
2009-12-01,This is Spinal Tap,1984,I loved it!
2009-12-01,This is Spinal Tap (DVD Commentary),2000,I loved it!
2009-12-01,Atonement,2007,I liked it!
2009-12-01,The Invention of Lying,2009,It was okay
2009-12-01,9,2009,It was okay
2009-12-01,The Blind Side,2009,I liked it!
2009-11-01,Taxi Driver,1976,I really liked it!
2009-11-01,Marathon Man,1976,I really liked it!
2009-11-01,No Country for Old Men,2007,I loved it!
2009-11-01,Superbad,2007,I didn't like it!
2009-11-01,Inglorious Basterds,2009,I didn't like it!
2009-11-01,Funny People,2009,It was okay
2009-10-01,Manhattan,1979,I didn't like it!
2009-10-01,Cube 2: Hypercube,2001,It was okay
2009-10-01,Cube Zero,2004,I liked it!
2009-10-01,The Dark Knight,2008,I loved it!
2009-10-01,Public Enemies,2009,It was okay
2009-10-01,The Taking of Pelham 123,2009,I didn't like it!
2009-10-01,Observe and Report,2009,I didn't like it!
2009-10-01,Zombieland,2009,I really liked it!
2009-10-01,"The Goods: Live Hard, Sell Hard",2009,I liked it!
2009-08-01,Casablanca,1942,I loved it!
2009-08-01,Harvey,1950,I liked it!
2009-08-01,Zorba the Greek,1964,It was okay
2009-08-01,"The Good, the Bad, the Ugly",1966,I really liked it!
2009-08-01,Barton Fink,1991,I liked it!
2009-08-01,Fried Green Tomatoes,1991,It was okay
2009-08-01,Cube,1997,I really liked it!
2009-08-01,"O Brother, Where Art Thou?",2000,I liked it!
2009-08-01,I Am Sam,2001,I liked it!
2009-08-01,Intolerable Cruelty,2003,I liked it!
2009-08-01,No Direction Home: Bob Dylan,2005,I liked it!
2009-08-01,Reservation Road,2007,I liked it!
2009-08-01,Marley & Me,2008,I really liked it!
2009-08-01,Milk,2008,I liked it!
2009-08-01,Star Trek,2009,I really liked it!
2009-08-01,Away We Go,2009,I liked it!
2009-08-01,State of Play,2009,I really liked it!
2009-08-01,Year One*,2009,I didn't like it!
2009-08-01,District 9,2009,I really liked it!
2009-08-01,X-Men Origins: Wolverine,2009,I liked it!
2009-07-01,Rocky,1976,I really liked it!
2009-07-01,Rocky II,1979,I liked it!
2009-07-01,Rocky III,1982,It was okay
2009-07-01,Rocky IV,1985,I didn't like it!
2009-07-01,Rocky V,1990,It was okay
2009-07-01,Waking Life,2001,I loved it!
2009-07-01,City of God,2002,I loved it!
2009-07-01,The Ladykillers,2004,I liked it!
2009-07-01,Harry Potter and the Goblet of Fire,2005,It was okay
2009-07-01,Beowulf,2007,I liked it!
2009-07-01,Harry Potter and the Order of the Phoenix,2007,It was okay
2009-07-01,Juno,2007,I really liked it!
2009-07-01,Frost/Nixon,2008,I liked it!
2009-07-01,Doubt,2008,I liked it!
2009-07-01,Australia,2008,I didn't like it!
2009-07-01,Eagle Eye,2008,It was okay
2009-07-01,I Love You Man,2009,I really liked it!
2009-07-01,Duplicity,2009,It was okay
2009-07-01,Harry Potter and the Half-Blood Prince,2009,I liked it!
2009-07-01,Adventureland,2009,I really liked it!
2009-07-01,Terminator: Salvation,2009,It was okay
2009-07-01,Adventureland,2009,I really liked it!
2009-07-01,Knowing,2009,I liked it!
2009-06-01,A Fistful of Dollars,1964,I liked it!
2009-06-01,The Big Lebowski,1998,I really liked it!
2009-06-01,Bloody Sunday,2002,I liked it!
2009-06-01,The Pixies -- Sell Out,2005,I liked it!
2009-06-01,W.,2008,I liked it!
2009-06-01,Horsemen,2009,It was okay
2009-06-01,The International*,2009,I didn't like it!
2009-05-01,The Beach,2000,It was okay
2009-05-01,My Bloody Valentine,2008,It was okay
2009-05-01,Taken,2008,I liked it!
2009-05-01,The Dark Knight,2008,I loved it!
2009-05-01,Paul Blart: Mall Cop,2009,I liked it!
2009-04-01,Wassup Rockers,2005,I liked it!
2009-04-01,Bedtime Stories,2008,I didn't like it!
2009-04-01,The Day the Earth Stood Still,2008,It was okay
2009-04-01,The Spirit,2008,I didn't like it!
2009-04-01,Yes Man,2008,It was okay
2009-03-01,Lakeview Terrace,2008,It was okay
2009-03-01,Lakeview Terrace,2008,It was okay
2009-02-01,Eddie Murphy Delirious,1983,I really liked it!
2009-02-01,Eddie Murphy Raw,1987,I really liked it!
2009-02-01,Robocop,1987,I really liked it!
2009-02-01,Role Models,2007,I really liked it!
2009-02-01,No Country for Old Men,2007,I loved it!
2009-02-01,Valkyrie,2008,It was okay
2009-02-01,Zack and Miri Make a Porno,2008,I didn't like it!
2009-02-01,The Curious Case of Benjamin Button,2008,I liked it!
2009-02-01,Vicky Cristina Barcelona,2008,I really liked it!
2009-02-01,Body of Lies,2008,It was okay
2009-01-01,The Point,1971,It was okay
2009-01-01,Follow That Bird,1985,I really liked it!
2009-01-01,Toys,1992,I liked it!
2009-01-01,Alien 3,1992,I liked it!
2009-01-01,Lions for Lambs,2007,I liked it!
2009-01-01,Hulk vs Wolverine,2008,It was okay
2009-01-01,Gran Torino,2008,I really liked it!
2009-01-01,Slumdog Millionaire,2008,I really liked it!
2009-01-01,How to Lose Friends and Alienate People,2008,It was okay
2009-01-01,Indiana Jones and the Kingdom of the Crystal Skull,2008,I liked it!
2009-01-01,Indiana Jones and the Kingdom of the Crystal Skull,2008,I liked it!
2008-12-01,The Oscar,1966,I liked it!
2008-12-01,Once Upon a Time in the West,1968,I liked it!
2008-12-01,Soylent Green*,1973,I really liked it!
2008-12-01,The Man With the Golden Gun,1974,It was okay
2008-12-01,Blade Runner,1982,I liked it!
2008-12-01,Aliens,1986,I really liked it!
2008-12-01,Doc Hollywood,1991,I didn't like it!
2008-12-01,The Frighteners,1996,It was okay
2008-12-01,Fight Club,1999,I really liked it!
2008-12-01,Scott Walker: 30th Century Man,2006,It was okay
2008-12-01,Talladega Nights,2006,I really liked it!
2008-12-01,Smileyface,2007,I really liked it!
2008-12-01,Smileyface,2007,I liked it!
2008-12-01,The Wrestler,2008,I really liked it!
2008-12-01,Quantum of Solace,2008,I liked it!
2008-12-01,The House Bunny,2008,I liked it!
2008-11-01,The Fountain,2006,I loved it!
2008-11-01,The X-Files: I Want to Believe,2008,It was okay
2008-11-01,Step Brothers,2008,I liked it!
2008-11-01,Burn After Reading,2008,I liked it!
2008-11-01,The Chronicles of Narnia: Prince Caspian,2008,I liked it!
2008-11-01,Tropic Thunder,2008,I liked it!
2008-11-01,Wanted,2008,I liked it!
2008-10-01,Artificial Intelligence: AI,2001,I liked it!
2008-10-01,Capote,2005,I liked it!
2008-10-01,War,2007,I didn't like it!
2008-10-01,There Will Be Blood,2007,I loved it!
2008-10-01,The Dark Knight,2008,I loved it!
2008-10-01,Pineapple Express,2008,It was okay
2008-10-01,Chris Rock: Kill the Messenger,2008,I really liked it!
2008-10-01,88 Minutes,2008,I didn't like it!
2008-10-01,Indiana Jones and the Kingdom of the Crystal Skull,2008,It was okay
2008-09-01,House of 1000 Corpses,2003,I didn't like it!
2008-09-01,Lords of Dogtown,2005,I loved it!
2008-09-01,The Deaths of Ian Stone,2007,I didn't like it!
2008-09-01,The Strangers,2008,I really liked it!
2008-09-01,Baby Mama,2008,I liked it!
2008-09-01,Iron Man,2008,I liked it!
2008-09-01,Wall-E,2008,I really liked it!
2008-08-01,Almost Famous,2000,I loved it!
2008-08-01,Into the Wild,2007,I liked it!
2008-08-01,The Bucket List,2007,It was okay
2008-08-01,Sweeney Todd: The Demon Barber of Fleet Street,2007,I liked it!
2008-08-01,We Own the Night,2007,I liked it!
2008-08-01,Vantage Point,2008,It was okay
2008-08-01,Hellboy 2: The Golden Army,2008,I liked it!
2008-08-01,The Dark Knight,2008,I loved it!
2008-08-01,Hancock,2008,It was okay
2008-07-01,Waking Ned Devine,1998,I really liked it!
2008-07-01,Meeting People is Easy,1998,I liked it!
2008-07-01,Sicko,2007,I liked it!
2008-07-01,Walk Hard: The Dewey Cox Story,2007,I liked it!
2008-07-01,The Bank Job,2008,I really liked it!
2008-07-01,Rambo,2008,I liked it!
2008-07-01,Drillbit Taylor,2008,I didn't like it!
2008-07-01,The Love Guru,2008,I didn't like it!
2008-07-01,The Dark Knight,2008,I loved it!
2008-07-01,The Dark Knight,2008,I loved it!
2008-07-01,The Rocker,2008,I liked it!
2008-07-01,Cloverfield,2008,I liked it!
2008-07-01,Harold & Kumar Escape From Guantanamo Bay,2008,I liked it!
2008-07-01,The Onion Movie,2008,I liked it!
2008-07-01,21,2008,It was okay
2008-06-01,Yellow Submarine,1968,I really liked it!
2008-06-01,The Mist,2007,I really liked it!
2008-06-01,Be Kind Rewind,2008,It was okay
2008-06-01,Semi-Pro,2008,I liked it!
2008-03-01,Yellow Submarine,1968,I liked it!
2008-03-01,Sgt. Pepper's Lonely Hearts Club Band,1978,It was okay
2008-03-01,The Darjeeling Limited,2007,I liked it!
2008-03-01,The Assassination of Jesse James By the Coward Robert Ford,2007,It was okay
2008-02-01,The Golden Compass,2007,It was okay
2008-02-01,Across the Universe,2007,I really liked it!
2008-02-01,Gone Baby Gone,2007,I really liked it!
2008-02-01,Michael Clayton,2007,I really liked it!
2008-01-01,Spice World,1997,I liked it!
2008-01-01,Mystic River,2003,I liked it!
2008-01-01,Hellboy,2004,I liked it!
2008-01-01,Rescue Dawn,2006,It was okay
2008-01-01,The Nines,2007,I really liked it!
2008-01-01,No Country For Old Men,2007,I liked it!
2008-01-01,Juno,2007,I really liked it!
2008-01-01,1408,2007,I liked it!
2008-01-01,Across the Universe,2007,I liked it!
2008-01-01,The Kingdom,2007,I liked it!
2008-01-01,Planet Terror,2007,It was okay
2008-01-01,Talk to Me,2007,I liked it!
2008-01-01,3:10 to Yuma,2007,I liked it!
2008-01-01,Charlie Wilson's War,2007,I really liked it!
2007-12-01,The Thin Man,1934,I really liked it!
2007-12-01,First Blood,1982,I liked it!
2007-12-01,The Boondock Saints,1999,I liked it!
2007-12-01,Belle & Sebastian: For Fans Only,2003,It was okay
2007-12-01,I Am Legend,2007,I liked it!
2007-12-01,Ratatouille,2007,I really liked it!
2007-12-01,Spider-Man 3,2007,It was okay
2007-11-01,The Thin Man,1934,I really liked it!
2007-11-01,The Pink Panther,1963,I liked it!
2007-11-01,The Little Mermaid,1989,I liked it!
2007-11-01,The Bourne Identity,2002,I really liked it!
2007-11-01,The Bourne Supremacy,2004,I really liked it!
2007-11-01,The Life and Death of Peter Sellers,2004,It was okay
2007-11-01,Casino Royale,2006,I liked it!
2007-11-01,Cars,2006,I liked it!
2007-11-01,Dane Cook: Vicious Circle,2006,It was okay
2007-11-01,The Bourne Ultimatum,2007,I really liked it!
2007-11-01,American Gangster,2007,It was okay
2007-10-01,Little Shop of Horrors,1986,I liked it!
2007-10-01,The Full Monty,1997,It was okay
2007-10-01,Batman Begins,2005,I really liked it!
2007-09-01,Bubba Ho-Tep,2002,I liked it!
2007-09-01,Sin City,2005,I really liked it!
2007-09-01,Shrek the Third,2007,I didn't like it!
2007-09-01,The Number 23,2007,I didn't like it!
2007-09-01,Death Proof,2007,It was okay
2007-09-01,Vacancy,2007,I liked it!
2007-09-01,Transformers,2007,It was okay
2007-08-01,Walk the Line,2005,I liked it!
2007-08-01,Knocked Up,2006,I liked it!
2007-08-01,Inland Empire,2006,I didn't like it!
2007-08-01,28 Weeks Later,2007,I liked it!
2007-08-01,Superbad,2007,I liked it!
2007-08-01,The Bourne Ultimatum,2007,I really liked it!
2007-08-01,Ocean's Thirteen,2007,I liked it!
2007-08-01,Die Hard 4.0,2007,I didn't like it!
2007-08-01,Blades of Glory,2007,I really liked it!
2007-08-01,The Reaping,2007,I liked it!
2007-08-01,The Simpsons Movie,2007,I really liked it!
2007-08-01,TMNT,2007,I liked it!
2007-08-01,Evan Almighty,2007,It was okay
2007-08-01,Sunshine,2007,I really liked it!
2007-07-01,Mean Streets,1973,I liked it!
2007-07-01,The Mission,1986,It was okay
2007-07-01,The Piano,1993,I didn't like it!
2007-07-01,Punch-Drunk Love,2002,I liked it!
2007-07-01,Ray,2004,I liked it!
2007-07-01,Reign Over Me,2007,It was okay
2007-07-01,Zodiac,2007,I liked it!
2007-06-01,The Hustler,1961,I loved it!
2007-06-01,The Great Escape,1963,I really liked it!
2007-06-01,Cool Hand Luke,1967,I loved it!
2007-06-01,Deepthroat,1972,I didn't like it!
2007-06-01,The Kentucky Friend Movie,1977,I liked it!
2007-06-01,The Color of Money,1986,I liked it!
2007-06-01,Crossroads,1986,I really liked it!
2007-06-01,My Cousin Vinny,1992,I really liked it!
2007-06-01,Dave,1993,I liked it!
2007-06-01,What's Eating Gilbert Grape?,1993,I really liked it!
2007-06-01,Y tu Mama Tambien,2001,I loved it!
2007-06-01,The Notebook,2004,I really liked it!
2007-06-01,Collateral,2004,I really liked it!
2007-06-01,The Last King of Scotland,2006,I didn't like it!
2007-06-01,Children of Men,2006,I loved it!
2007-06-01,Pirates of the Caribbean: Dead Man's Chest,2006,I liked it!
2007-06-01,300,2006,I liked it!
2007-06-01,Pirates of the Caribbean: At World's End,2007,I liked it!
2007-05-01,Its Always Fair Weather,1955,I really liked it!
2007-05-01,Dumb & Dumber,1994,I liked it!
2007-05-01,The Ice Storm,1997,I really liked it!
2007-05-01,Block Party,2005,I liked it!
2007-05-01,Flightplan,2005,I liked it!
2007-05-01,The Fountain,2006,I loved it!
2007-05-01,The Science of Sleep,2006,I liked it!
2007-05-01,Dreamgirls,2006,I liked it!
2007-05-01,Hot Fuzz,2007,I liked it!
2007-05-01,Spider-Man 3,2007,I liked it!
2007-04-01,Scanners,1981,I liked it!
2007-04-01,Blue Velvet,1986,It was okay
2007-04-01,Flags of Our Fathers,2006,I liked it!
2007-04-01,Mission: Impossible III,2006,I liked it!
2007-03-01,The Sting,1973,I loved it!
2007-03-01,Network,1976,I loved it!
2007-03-01,The Song Remains the Same,1976,I liked it!
2007-03-01,Blade Runner,1982,I liked it!
2007-03-01,Big Trouble in Little China,1986,I liked it!
2007-03-01,The Hunt for Red October,1990,I really liked it!
2007-03-01,Crimson Tide,1995,I liked it!
2007-03-01,Mystery Men,1999,I liked it!
2007-03-01,Insomnia,2002,I liked it!
2007-03-01,Thirteen,2003,I loved it!
2007-03-01,Cold Mountain,2003,I didn't like it!
2007-03-01,Garden State,2004,I liked it!
2007-03-01,Jarhead,2005,I liked it!
2007-03-01,The Aristocrats,2005,I liked it!
2007-03-01,The Queen,2006,I didn't like it!
2007-03-01,Letters From Iwo Jima,2006,I liked it!
2007-03-01,Flushed Away,2006,I really liked it!
2007-03-01,Blood Diamond,2006,I really liked it!
2007-03-01,Rocky Balboa,2006,I liked it!
2007-03-01,Apocalypto,2006,I really liked it!
2007-03-01,Pan's Labyrinth,2006,I liked it!
2007-03-01,The Pursuit of Happyness,2006,It was okay
2007-03-01,Saw III,2006,I didn't like it!
2007-03-01,Happy Feet,2006,I really liked it!
2007-03-01,Stranger Than Fiction,2006,I loved it!
2007-02-01,Escape From New York,1981,I liked it!
2007-02-01,The Brave Little Toaster,1987,I liked it!
2007-02-01,Four Weddings and a Funeral,1994,I liked it!
2007-02-01,Get Shorty,1995,I loved it!
2007-02-01,Escape from L.A.,1996,I liked it!
2007-02-01,American Psycho,2000,I liked it!
2007-02-01,Sen to Chihiro no Kamikakushi,2001,I liked it!
2007-02-01,Love Actually,2003,I really liked it!
2007-02-01,The Terminal,2004,I liked it!
2007-02-01,Be Cool,2005,I didn't like it!
2007-02-01,The Prestige,2006,I loved it!
2007-02-01,Casino Royale,2006,I liked it!
2007-02-01,For Your Consideration,2006,I liked it!
2007-01-01,Breakfast at Tiffany's,1961,It was okay
2007-01-01,UHF,1989,I liked it!
2007-01-01,Philadelphia,1993,I loved it!
2007-01-01,Space Jam,1996,I liked it!
2007-01-01,Shine,1996,I liked it!
2007-01-01,The People vs. Larry Flynt,1996,I liked it!
2007-01-01,Spawn,1997,I liked it!
2007-01-01,Thir13en Ghosts,2001,It was okay
2007-01-01,About a Boy,2002,I really liked it!
2007-01-01,The Bourne Identity,2002,I really liked it!
2007-01-01,A Mighty Wind,2003,I really liked it!
2007-01-01,The Last Samurai,2003,I really liked it!
2007-01-01,The Bourne Supremacy,2004,I really liked it!
2007-01-01,Million Dollar Baby,2004,I really liked it!
2007-01-01,Fantastic Four,2005,I didn't like it!
2007-01-01,The Constant Gardener,2005,I really liked it!
2007-01-01,Little Miss Sunshine,2006,I really liked it!
2007-01-01,Grandma's Boy,2006,I liked it!
2007-01-01,The Departed,2006,I really liked it!
2006-12-01,21 Grams,2003,It was okay
2006-12-01,Hotel Rwanda,2004,I liked it!
2006-12-01,The Polar Express,2004,I liked it!
2006-12-01,A Scanner Darkly,2006,I liked it!
2006-12-01,Talladega Nights: The Ballad of Ricky Bobby,2006,I liked it!
2006-12-01,Babel,2006,I liked it!
2006-12-01,The Da Vinci Code,2006,It was okay
2006-12-01,Match Point,2006,I really liked it!
2006-11-01,Ronin,1998,I didn't like it!
2006-11-01,The Iron Giant,1999,I liked it!
2006-11-01,Master and Commander: The Far Side of the World,2003,I really liked it!
2006-11-01,Swimming Pool,2003,I really liked it!
2006-11-01,Closer,2004,I didn't like it!
2006-11-01,A History of Violence,2005,It was okay
2006-11-01,V for Vendetta,2005,I really liked it!
2006-11-01,Constantine,2005,I really liked it!
2006-11-01,Syriana,2005,I really liked it!
2006-11-01,Borat: Cultural Learnings of America for Make Benefit Glorious Nation of Kazakhstan,2006,It was okay
2006-11-01,The Illusionist,2006,I really liked it!
2006-11-01,Clerks II,2006,I didn't like it!
2006-11-01,Pirates of the Caribbean 2: Dead Man's Chest,2006,I liked it!
2006-11-01,Superman Returns,2006,I liked it!
2006-10-01,All That Jazz,1979,I loved it!
2006-10-01,Star Trek II: The Wrath of Khan,1982,I loved it!
2006-10-01,Lost Highway,1997,I liked it!
2006-10-01,Thank You For Smoking,2005,I really liked it!
2006-10-01,The Hitchhiker's Guide to the Galaxy,2005,I liked it!
2006-10-01,Inside Man,2006,I really liked it!
2006-09-01,Twelve Monkeys,1995,I liked it!
2006-09-01,Dawn of the Dead,2004,I liked it!
2006-09-01,"I, Robot",2004,It was okay
2006-09-01,Saw,2004,I liked it!
2006-09-01,Outfoxed: Rupert Murdoch's War on Journalism,2004,I liked it!
2006-09-01,The Weatherman,2005,I liked it!
2006-09-01,Lord of War,2005,I really liked it!
2006-09-01,Four Brothers,2005,It was okay
2006-09-01,An Inconvenient Truth,2006,I really liked it!
2006-08-23,The Bodyguard,1992,It was okay
2006-08-10,Cop Land,1997,I loved it!
2006-08-09,Event Horizon,1997,I liked it!
2006-08-07,Harold and Kumar Go to White Castle,2004,I liked it!
2006-08-05,The Lost Boys,1987,It was okay
2006-08-03,What Dreams May Come,1998,I liked it!
2006-08-01,Braindead,1992,I liked it!